"condition","category","human","modelname","modelresponse","experiment"
"1","new",0.59873417721519,"CRP",0.769963329854412,"Expt 1"
"11","new",0.665126582278481,"CRP",0.625967784979353,"Expt 1"
"111","new",0.742974683544304,"CRP",0.527345653541528,"Expt 1"
"1111","new",0.761455696202532,"CRP",0.455569948168898,"Expt 1"
"11111","new",0.754430379746835,"CRP",0.40099193339797,"Expt 1"
"111111","new",0.779683544303797,"CRP",0.35809194113318,"Expt 1"
"2","new",0.329050632911392,"CRP",0.625967784979353,"Expt 1"
"21","new",0.464746835443038,"CRP",0.527345653541528,"Expt 1"
"211","new",0.547848101265823,"CRP",0.455569948168898,"Expt 1"
"2111","new",0.607215189873418,"CRP",0.40099193339797,"Expt 1"
"21111","new",0.643670886075949,"CRP",0.35809194113318,"Expt 1"
"22","new",0.374367088607595,"CRP",0.455569948168898,"Expt 1"
"221","new",0.419303797468354,"CRP",0.40099193339797,"Expt 1"
"2211","new",0.486898734177215,"CRP",0.35809194113318,"Expt 1"
"222","new",0.357151898734177,"CRP",0.35809194113318,"Expt 1"
"3","new",0.182784810126582,"CRP",0.527345653541528,"Expt 1"
"31","new",0.379113924050633,"CRP",0.455569948168898,"Expt 1"
"311","new",0.421012658227848,"CRP",0.40099193339797,"Expt 1"
"3111","new",0.504493670886076,"CRP",0.35809194113318,"Expt 1"
"32","new",0.323544303797468,"CRP",0.40099193339797,"Expt 1"
"321","new",0.396835443037975,"CRP",0.35809194113318,"Expt 1"
"33","new",0.272278481012658,"CRP",0.35809194113318,"Expt 1"
"4","new",0.154556962025316,"CRP",0.455569948168898,"Expt 1"
"41","new",0.295696202531646,"CRP",0.40099193339797,"Expt 1"
"411","new",0.375063291139241,"CRP",0.35809194113318,"Expt 1"
"42","new",0.274177215189873,"CRP",0.35809194113318,"Expt 1"
"5","new",0.129177215189873,"CRP",0.40099193339797,"Expt 1"
"51","new",0.258291139240506,"CRP",0.35809194113318,"Expt 1"
"6","new",0.108037974683544,"CRP",0.35809194113318,"Expt 1"
"1","new",0.59873417721519,"G-CRP",0.702129382596076,"Expt 1"
"11","new",0.665126582278481,"G-CRP",0.733387313235101,"Expt 1"
"111","new",0.742974683544304,"G-CRP",0.742398052935877,"Expt 1"
"1111","new",0.761455696202532,"G-CRP",0.74667881556819,"Expt 1"
"11111","new",0.754430379746835,"G-CRP",0.749179656188647,"Expt 1"
"111111","new",0.779683544303797,"G-CRP",0.750819630597734,"Expt 1"
"2","new",0.329050632911392,"G-CRP",0.314224683827532,"Expt 1"
"21","new",0.464746835443038,"G-CRP",0.472400625126243,"Expt 1"
"211","new",0.547848101265823,"G-CRP",0.547545805358682,"Expt 1"
"2111","new",0.607215189873418,"G-CRP",0.591445954770925,"Expt 1"
"21111","new",0.643670886075949,"G-CRP",0.620234323370768,"Expt 1"
"22","new",0.374367088607595,"G-CRP",0.348412795149174,"Expt 1"
"221","new",0.419303797468354,"G-CRP",0.433712253353204,"Expt 1"
"2211","new",0.486898734177215,"G-CRP",0.489649016143802,"Expt 1"
"222","new",0.357151898734177,"G-CRP",0.359063708916836,"Expt 1"
"3","new",0.182784810126582,"G-CRP",0.202403197316609,"Expt 1"
"31","new",0.379113924050633,"G-CRP",0.348412795149174,"Expt 1"
"311","new",0.421012658227848,"G-CRP",0.433712253353204,"Expt 1"
"3111","new",0.504493670886076,"G-CRP",0.489649016143802,"Expt 1"
"32","new",0.323544303797468,"G-CRP",0.275978551935483,"Expt 1"
"321","new",0.396835443037975,"G-CRP",0.359063708916836,"Expt 1"
"33","new",0.272278481012658,"G-CRP",0.22847840168987,"Expt 1"
"4","new",0.154556962025316,"G-CRP",0.149279784939667,"Expt 1"
"41","new",0.295696202531646,"G-CRP",0.275978551935483,"Expt 1"
"411","new",0.375063291139241,"G-CRP",0.359063708916836,"Expt 1"
"42","new",0.274177215189873,"G-CRP",0.22847840168987,"Expt 1"
"5","new",0.129177215189873,"G-CRP",0.118244850517761,"Expt 1"
"51","new",0.258291139240506,"G-CRP",0.22847840168987,"Expt 1"
"6","new",0.108037974683544,"G-CRP",0.097893094462904,"Expt 1"
"1","new",0.59873417721519,"H-CRP",0.727830271283685,"Expt 1"
"11","new",0.665126582278481,"H-CRP",0.752535775264784,"Expt 1"
"111","new",0.742974683544304,"H-CRP",0.735401841390323,"Expt 1"
"1111","new",0.761455696202532,"H-CRP",0.721919422573152,"Expt 1"
"11111","new",0.754430379746835,"H-CRP",0.716112018437863,"Expt 1"
"111111","new",0.779683544303797,"H-CRP",0.723825937547293,"Expt 1"
"2","new",0.329050632911392,"H-CRP",0.456681056009139,"Expt 1"
"21","new",0.464746835443038,"H-CRP",0.530178573806719,"Expt 1"
"211","new",0.547848101265823,"H-CRP",0.566571878084182,"Expt 1"
"2111","new",0.607215189873418,"H-CRP",0.593280905495516,"Expt 1"
"21111","new",0.643670886075949,"H-CRP",0.610857158793982,"Expt 1"
"22","new",0.374367088607595,"H-CRP",0.377253118704545,"Expt 1"
"221","new",0.419303797468354,"H-CRP",0.431852309258348,"Expt 1"
"2211","new",0.486898734177215,"H-CRP",0.466857746987419,"Expt 1"
"222","new",0.357151898734177,"H-CRP",0.330159576487506,"Expt 1"
"3","new",0.182784810126582,"H-CRP",0.273752655150992,"Expt 1"
"31","new",0.379113924050633,"H-CRP",0.372429545815302,"Expt 1"
"311","new",0.421012658227848,"H-CRP",0.432694265855175,"Expt 1"
"3111","new",0.504493670886076,"H-CRP",0.465471472103757,"Expt 1"
"32","new",0.323544303797468,"H-CRP",0.269922024046187,"Expt 1"
"321","new",0.396835443037975,"H-CRP",0.33449650579012,"Expt 1"
"33","new",0.272278481012658,"H-CRP",0.197754189594198,"Expt 1"
"4","new",0.154556962025316,"H-CRP",0.15967973788192,"Expt 1"
"41","new",0.295696202531646,"H-CRP",0.272055756241054,"Expt 1"
"411","new",0.375063291139241,"H-CRP",0.326207127763696,"Expt 1"
"42","new",0.274177215189873,"H-CRP",0.186935258186703,"Expt 1"
"5","new",0.129177215189873,"H-CRP",0.132515527441519,"Expt 1"
"51","new",0.258291139240506,"H-CRP",0.224018572298848,"Expt 1"
"6","new",0.108037974683544,"H-CRP",0.0725442894540815,"Expt 1"
"1","new",0.59873417721519,"HG-CRP",0.744186884293162,"Expt 1"
"11","new",0.665126582278481,"HG-CRP",0.765945138487206,"Expt 1"
"111","new",0.742974683544304,"HG-CRP",0.775651264767286,"Expt 1"
"1111","new",0.761455696202532,"HG-CRP",0.776855252806026,"Expt 1"
"11111","new",0.754430379746835,"HG-CRP",0.791805630877929,"Expt 1"
"111111","new",0.779683544303797,"HG-CRP",0.808998137485408,"Expt 1"
"2","new",0.329050632911392,"HG-CRP",0.356295665428369,"Expt 1"
"21","new",0.464746835443038,"HG-CRP",0.485514069784956,"Expt 1"
"211","new",0.547848101265823,"HG-CRP",0.544296713857477,"Expt 1"
"2111","new",0.607215189873418,"HG-CRP",0.596112822483062,"Expt 1"
"21111","new",0.643670886075949,"HG-CRP",0.628062745777234,"Expt 1"
"22","new",0.374367088607595,"HG-CRP",0.335738559921738,"Expt 1"
"221","new",0.419303797468354,"HG-CRP",0.414580842683092,"Expt 1"
"2211","new",0.486898734177215,"HG-CRP",0.471185796942802,"Expt 1"
"222","new",0.357151898734177,"HG-CRP",0.325579580001474,"Expt 1"
"3","new",0.182784810126582,"HG-CRP",0.234060485250963,"Expt 1"
"31","new",0.379113924050633,"HG-CRP",0.352466580475009,"Expt 1"
"311","new",0.421012658227848,"HG-CRP",0.431318552843841,"Expt 1"
"3111","new",0.504493670886076,"HG-CRP",0.490675106018763,"Expt 1"
"32","new",0.323544303797468,"HG-CRP",0.264678802077017,"Expt 1"
"321","new",0.396835443037975,"HG-CRP",0.335822887350072,"Expt 1"
"33","new",0.272278481012658,"HG-CRP",0.217703476942752,"Expt 1"
"4","new",0.154556962025316,"HG-CRP",0.172989744500439,"Expt 1"
"41","new",0.295696202531646,"HG-CRP",0.280086713270293,"Expt 1"
"411","new",0.375063291139241,"HG-CRP",0.361496180877732,"Expt 1"
"42","new",0.274177215189873,"HG-CRP",0.21996068000953,"Expt 1"
"5","new",0.129177215189873,"HG-CRP",0.138015980651497,"Expt 1"
"51","new",0.258291139240506,"HG-CRP",0.2358036979684,"Expt 1"
"6","new",0.108037974683544,"HG-CRP",0.11591262144185,"Expt 1"
"1","new",0.59873417721519,"TTR",0.7270597,"Expt 1"
"11","new",0.665126582278481,"TTR",0.7270597,"Expt 1"
"111","new",0.742974683544304,"TTR",0.7270597,"Expt 1"
"1111","new",0.761455696202532,"TTR",0.7270597,"Expt 1"
"11111","new",0.754430379746835,"TTR",0.7270597,"Expt 1"
"111111","new",0.779683544303797,"TTR",0.7270597,"Expt 1"
"2","new",0.329050632911392,"TTR",0.36352985,"Expt 1"
"21","new",0.464746835443038,"TTR",0.484706466666667,"Expt 1"
"211","new",0.547848101265823,"TTR",0.545294775,"Expt 1"
"2111","new",0.607215189873418,"TTR",0.58164776,"Expt 1"
"21111","new",0.643670886075949,"TTR",0.605883083333333,"Expt 1"
"22","new",0.374367088607595,"TTR",0.36352985,"Expt 1"
"221","new",0.419303797468354,"TTR",0.43623582,"Expt 1"
"2211","new",0.486898734177215,"TTR",0.484706466666667,"Expt 1"
"222","new",0.357151898734177,"TTR",0.36352985,"Expt 1"
"3","new",0.182784810126582,"TTR",0.242353233333333,"Expt 1"
"31","new",0.379113924050633,"TTR",0.36352985,"Expt 1"
"311","new",0.421012658227848,"TTR",0.43623582,"Expt 1"
"3111","new",0.504493670886076,"TTR",0.484706466666667,"Expt 1"
"32","new",0.323544303797468,"TTR",0.29082388,"Expt 1"
"321","new",0.396835443037975,"TTR",0.36352985,"Expt 1"
"33","new",0.272278481012658,"TTR",0.242353233333333,"Expt 1"
"4","new",0.154556962025316,"TTR",0.181764925,"Expt 1"
"41","new",0.295696202531646,"TTR",0.29082388,"Expt 1"
"411","new",0.375063291139241,"TTR",0.36352985,"Expt 1"
"42","new",0.274177215189873,"TTR",0.242353233333333,"Expt 1"
"5","new",0.129177215189873,"TTR",0.14541194,"Expt 1"
"51","new",0.258291139240506,"TTR",0.242353233333333,"Expt 1"
"6","new",0.108037974683544,"TTR",0.121176616666667,"Expt 1"
"1","new",0.59873417721519,"H-TTR",0.719590028933743,"Expt 1"
"11","new",0.665126582278481,"H-TTR",0.734485829894725,"Expt 1"
"111","new",0.742974683544304,"H-TTR",0.746915507009641,"Expt 1"
"1111","new",0.761455696202532,"H-TTR",0.747690018641529,"Expt 1"
"11111","new",0.754430379746835,"H-TTR",0.761519097464603,"Expt 1"
"111111","new",0.779683544303797,"H-TTR",0.770610527224526,"Expt 1"
"2","new",0.329050632911392,"H-TTR",0.346674391934649,"Expt 1"
"21","new",0.464746835443038,"H-TTR",0.465289388304934,"Expt 1"
"211","new",0.547848101265823,"H-TTR",0.542990421512815,"Expt 1"
"2111","new",0.607215189873418,"H-TTR",0.582045158697149,"Expt 1"
"21111","new",0.643670886075949,"H-TTR",0.609753528308451,"Expt 1"
"22","new",0.374367088607595,"H-TTR",0.341210547561572,"Expt 1"
"221","new",0.419303797468354,"H-TTR",0.416566892724261,"Expt 1"
"2211","new",0.486898734177215,"H-TTR",0.467627782411428,"Expt 1"
"222","new",0.357151898734177,"H-TTR",0.333665780202863,"Expt 1"
"3","new",0.182784810126582,"H-TTR",0.228392920599505,"Expt 1"
"31","new",0.379113924050633,"H-TTR",0.351746365379406,"Expt 1"
"311","new",0.421012658227848,"H-TTR",0.42807764088342,"Expt 1"
"3111","new",0.504493670886076,"H-TTR",0.478896249025776,"Expt 1"
"32","new",0.323544303797468,"H-TTR",0.268643582455117,"Expt 1"
"321","new",0.396835443037975,"H-TTR",0.343154338136575,"Expt 1"
"33","new",0.272278481012658,"H-TTR",0.222526666236738,"Expt 1"
"4","new",0.154556962025316,"H-TTR",0.171583964552386,"Expt 1"
"41","new",0.295696202531646,"H-TTR",0.277100725548093,"Expt 1"
"411","new",0.375063291139241,"H-TTR",0.350016655553545,"Expt 1"
"42","new",0.274177215189873,"H-TTR",0.223310035982162,"Expt 1"
"5","new",0.129177215189873,"H-TTR",0.137015811385274,"Expt 1"
"51","new",0.258291139240506,"H-TTR",0.232544775353469,"Expt 1"
"6","new",0.108037974683544,"H-TTR",0.112757005692511,"Expt 1"
"1","new",0.59873417721519,"uniform",0.434749017896115,"Expt 1"
"11","new",0.665126582278481,"uniform",0.434749017896115,"Expt 1"
"111","new",0.742974683544304,"uniform",0.434749017896115,"Expt 1"
"1111","new",0.761455696202532,"uniform",0.434749017896115,"Expt 1"
"11111","new",0.754430379746835,"uniform",0.434749017896115,"Expt 1"
"111111","new",0.779683544303797,"uniform",0.434749017896115,"Expt 1"
"2","new",0.329050632911392,"uniform",0.434749017896115,"Expt 1"
"21","new",0.464746835443038,"uniform",0.434749017896115,"Expt 1"
"211","new",0.547848101265823,"uniform",0.434749017896115,"Expt 1"
"2111","new",0.607215189873418,"uniform",0.434749017896115,"Expt 1"
"21111","new",0.643670886075949,"uniform",0.434749017896115,"Expt 1"
"22","new",0.374367088607595,"uniform",0.434749017896115,"Expt 1"
"221","new",0.419303797468354,"uniform",0.434749017896115,"Expt 1"
"2211","new",0.486898734177215,"uniform",0.434749017896115,"Expt 1"
"222","new",0.357151898734177,"uniform",0.434749017896115,"Expt 1"
"3","new",0.182784810126582,"uniform",0.434749017896115,"Expt 1"
"31","new",0.379113924050633,"uniform",0.434749017896115,"Expt 1"
"311","new",0.421012658227848,"uniform",0.434749017896115,"Expt 1"
"3111","new",0.504493670886076,"uniform",0.434749017896115,"Expt 1"
"32","new",0.323544303797468,"uniform",0.434749017896115,"Expt 1"
"321","new",0.396835443037975,"uniform",0.434749017896115,"Expt 1"
"33","new",0.272278481012658,"uniform",0.434749017896115,"Expt 1"
"4","new",0.154556962025316,"uniform",0.434749017896115,"Expt 1"
"41","new",0.295696202531646,"uniform",0.434749017896115,"Expt 1"
"411","new",0.375063291139241,"uniform",0.434749017896115,"Expt 1"
"42","new",0.274177215189873,"uniform",0.434749017896115,"Expt 1"
"5","new",0.129177215189873,"uniform",0.434749017896115,"Expt 1"
"51","new",0.258291139240506,"uniform",0.434749017896115,"Expt 1"
"6","new",0.108037974683544,"uniform",0.434749017896115,"Expt 1"
"11:1","new",0.159130434782609,"CRP",0.399178917909215,"Expt 2"
"10:2","new",0.176832298136646,"CRP",0.399178917909215,"Expt 2"
"9:3","new",0.173229813664596,"CRP",0.399178917909215,"Expt 2"
"8:4","new",0.204782608695652,"CRP",0.399178917909215,"Expt 2"
"7:5","new",0.155714285714286,"CRP",0.399178917909215,"Expt 2"
"6:6","new",0.142546583850932,"CRP",0.399178917909215,"Expt 2"
"10:1:1","new",0.266770186335404,"CRP",0.399178917909215,"Expt 2"
"8:2:2","new",0.262795031055901,"CRP",0.399178917909215,"Expt 2"
"6:3:3","new",0.242049689440994,"CRP",0.399178917909215,"Expt 2"
"5:5:2","new",0.24,"CRP",0.399178917909215,"Expt 2"
"4:4:4","new",0.213167701863354,"CRP",0.399178917909215,"Expt 2"
"9:1:1:1","new",0.361614906832298,"CRP",0.399178917909215,"Expt 2"
"6:2:2:2","new",0.350248447204969,"CRP",0.399178917909215,"Expt 2"
"5:5:1:1","new",0.340124223602485,"CRP",0.399178917909215,"Expt 2"
"4:4:2:2","new",0.310434782608696,"CRP",0.399178917909215,"Expt 2"
"3:3:3:3","new",0.24,"CRP",0.399178917909215,"Expt 2"
"8:1:1:1:1","new",0.435465838509317,"CRP",0.399178917909215,"Expt 2"
"4:2:2:2:2","new",0.37527950310559,"CRP",0.399178917909215,"Expt 2"
"3:3:2:2:2","new",0.350248447204969,"CRP",0.399178917909215,"Expt 2"
"7:1:1:1:1:1","new",0.501552795031056,"CRP",0.399178917909215,"Expt 2"
"4:4:1:1:1:1","new",0.507267080745342,"CRP",0.399178917909215,"Expt 2"
"3:3:3:1:1:1","new",0.482422360248447,"CRP",0.399178917909215,"Expt 2"
"2:2:2:2:2:2","new",0.409254658385093,"CRP",0.399178917909215,"Expt 2"
"6:1:1:1:1:1:1","new",0.569813664596273,"CRP",0.399178917909215,"Expt 2"
"2:2:2:2:2:1:1","new",0.51695652173913,"CRP",0.399178917909215,"Expt 2"
"5:1:1:1:1:1:1:1","new",0.637267080745342,"CRP",0.399178917909215,"Expt 2"
"3:3:1:1:1:1:1:1","new",0.631366459627329,"CRP",0.399178917909215,"Expt 2"
"2:2:2:2:1:1:1:1","new",0.60583850931677,"CRP",0.399178917909215,"Expt 2"
"4:1:1:1:1:1:1:1:1","new",0.716645962732919,"CRP",0.399178917909215,"Expt 2"
"2:2:2:1:1:1:1:1:1","new",0.693788819875776,"CRP",0.399178917909215,"Expt 2"
"3:1:1:1:1:1:1:1:1:1","new",0.743105590062112,"CRP",0.399178917909215,"Expt 2"
"2:2:1:1:1:1:1:1:1:1","new",0.758012422360248,"CRP",0.399178917909215,"Expt 2"
"11:1","new",0.159130434782609,"G-CRP",0.16999537927918,"Expt 2"
"10:2","new",0.176832298136646,"G-CRP",0.16999537927918,"Expt 2"
"9:3","new",0.173229813664596,"G-CRP",0.16999537927918,"Expt 2"
"8:4","new",0.204782608695652,"G-CRP",0.16999537927918,"Expt 2"
"7:5","new",0.155714285714286,"G-CRP",0.16999537927918,"Expt 2"
"6:6","new",0.142546583850932,"G-CRP",0.16999537927918,"Expt 2"
"10:1:1","new",0.266770186335404,"G-CRP",0.244830785438369,"Expt 2"
"8:2:2","new",0.262795031055901,"G-CRP",0.244830785438369,"Expt 2"
"6:3:3","new",0.242049689440994,"G-CRP",0.244830785438369,"Expt 2"
"5:5:2","new",0.24,"G-CRP",0.244830785438369,"Expt 2"
"4:4:4","new",0.213167701863354,"G-CRP",0.244830785438369,"Expt 2"
"9:1:1:1","new",0.361614906832298,"G-CRP",0.319666191597557,"Expt 2"
"6:2:2:2","new",0.350248447204969,"G-CRP",0.319666191597557,"Expt 2"
"5:5:1:1","new",0.340124223602485,"G-CRP",0.319666191597557,"Expt 2"
"4:4:2:2","new",0.310434782608696,"G-CRP",0.319666191597557,"Expt 2"
"3:3:3:3","new",0.24,"G-CRP",0.319666191597557,"Expt 2"
"8:1:1:1:1","new",0.435465838509317,"G-CRP",0.394501597756746,"Expt 2"
"4:2:2:2:2","new",0.37527950310559,"G-CRP",0.394501597756746,"Expt 2"
"3:3:2:2:2","new",0.350248447204969,"G-CRP",0.394501597756746,"Expt 2"
"7:1:1:1:1:1","new",0.501552795031056,"G-CRP",0.469337003915934,"Expt 2"
"4:4:1:1:1:1","new",0.507267080745342,"G-CRP",0.469337003915934,"Expt 2"
"3:3:3:1:1:1","new",0.482422360248447,"G-CRP",0.469337003915934,"Expt 2"
"2:2:2:2:2:2","new",0.409254658385093,"G-CRP",0.469337003915934,"Expt 2"
"6:1:1:1:1:1:1","new",0.569813664596273,"G-CRP",0.544172410075123,"Expt 2"
"2:2:2:2:2:1:1","new",0.51695652173913,"G-CRP",0.544172410075123,"Expt 2"
"5:1:1:1:1:1:1:1","new",0.637267080745342,"G-CRP",0.619007816234311,"Expt 2"
"3:3:1:1:1:1:1:1","new",0.631366459627329,"G-CRP",0.619007816234311,"Expt 2"
"2:2:2:2:1:1:1:1","new",0.60583850931677,"G-CRP",0.619007816234311,"Expt 2"
"4:1:1:1:1:1:1:1:1","new",0.716645962732919,"G-CRP",0.693843222393499,"Expt 2"
"2:2:2:1:1:1:1:1:1","new",0.693788819875776,"G-CRP",0.693843222393499,"Expt 2"
"3:1:1:1:1:1:1:1:1:1","new",0.743105590062112,"G-CRP",0.768678628552688,"Expt 2"
"2:2:1:1:1:1:1:1:1:1","new",0.758012422360248,"G-CRP",0.768678628552688,"Expt 2"
"11:1","new",0.159130434782609,"H-CRP",0.0674721759307327,"Expt 2"
"10:2","new",0.176832298136646,"H-CRP",0.0698589114002758,"Expt 2"
"9:3","new",0.173229813664596,"H-CRP",0.0747916550758253,"Expt 2"
"8:4","new",0.204782608695652,"H-CRP",0.0676611706953913,"Expt 2"
"7:5","new",0.155714285714286,"H-CRP",0.0649815598022361,"Expt 2"
"6:6","new",0.142546583850932,"H-CRP",0.0630664838863875,"Expt 2"
"10:1:1","new",0.266770186335404,"H-CRP",0.114564084582577,"Expt 2"
"8:2:2","new",0.262795031055901,"H-CRP",0.114356026201267,"Expt 2"
"6:3:3","new",0.242049689440994,"H-CRP",0.105970489810238,"Expt 2"
"5:5:2","new",0.24,"H-CRP",0.109793234141901,"Expt 2"
"4:4:4","new",0.213167701863354,"H-CRP",0.115672136277613,"Expt 2"
"9:1:1:1","new",0.361614906832298,"H-CRP",0.1653101588364,"Expt 2"
"6:2:2:2","new",0.350248447204969,"H-CRP",0.164601272999495,"Expt 2"
"5:5:1:1","new",0.340124223602485,"H-CRP",0.162464059796222,"Expt 2"
"4:4:2:2","new",0.310434782608696,"H-CRP",0.1692246513309,"Expt 2"
"3:3:3:3","new",0.24,"H-CRP",0.172072709074532,"Expt 2"
"8:1:1:1:1","new",0.435465838509317,"H-CRP",0.219972224616833,"Expt 2"
"4:2:2:2:2","new",0.37527950310559,"H-CRP",0.222948529914524,"Expt 2"
"3:3:2:2:2","new",0.350248447204969,"H-CRP",0.233901275933866,"Expt 2"
"7:1:1:1:1:1","new",0.501552795031056,"H-CRP",0.286225032194929,"Expt 2"
"4:4:1:1:1:1","new",0.507267080745342,"H-CRP",0.291641997322338,"Expt 2"
"3:3:3:1:1:1","new",0.482422360248447,"H-CRP",0.288542562633606,"Expt 2"
"2:2:2:2:2:2","new",0.409254658385093,"H-CRP",0.29644955447779,"Expt 2"
"6:1:1:1:1:1:1","new",0.569813664596273,"H-CRP",0.364637576803973,"Expt 2"
"2:2:2:2:2:1:1","new",0.51695652173913,"H-CRP",0.359221789581782,"Expt 2"
"5:1:1:1:1:1:1:1","new",0.637267080745342,"H-CRP",0.451752335139216,"Expt 2"
"3:3:1:1:1:1:1:1","new",0.631366459627329,"H-CRP",0.4497880039684,"Expt 2"
"2:2:2:2:1:1:1:1","new",0.60583850931677,"H-CRP",0.451939399319769,"Expt 2"
"4:1:1:1:1:1:1:1:1","new",0.716645962732919,"H-CRP",0.551756274198273,"Expt 2"
"2:2:2:1:1:1:1:1:1","new",0.693788819875776,"H-CRP",0.546392902728376,"Expt 2"
"3:1:1:1:1:1:1:1:1:1","new",0.743105590062112,"H-CRP",0.657597237416374,"Expt 2"
"2:2:1:1:1:1:1:1:1:1","new",0.758012422360248,"H-CRP",0.652612020656333,"Expt 2"
"11:1","new",0.159130434782609,"HG-CRP",0.179986234851892,"Expt 2"
"10:2","new",0.176832298136646,"HG-CRP",0.167955363279804,"Expt 2"
"9:3","new",0.173229813664596,"HG-CRP",0.167871280612439,"Expt 2"
"8:4","new",0.204782608695652,"HG-CRP",0.166112096870979,"Expt 2"
"7:5","new",0.155714285714286,"HG-CRP",0.161568962642527,"Expt 2"
"6:6","new",0.142546583850932,"HG-CRP",0.168371206708246,"Expt 2"
"10:1:1","new",0.266770186335404,"HG-CRP",0.261807407589223,"Expt 2"
"8:2:2","new",0.262795031055901,"HG-CRP",0.231200545632661,"Expt 2"
"6:3:3","new",0.242049689440994,"HG-CRP",0.229488792978153,"Expt 2"
"5:5:2","new",0.24,"HG-CRP",0.220478451959165,"Expt 2"
"4:4:4","new",0.213167701863354,"HG-CRP",0.225568694458406,"Expt 2"
"9:1:1:1","new",0.361614906832298,"HG-CRP",0.34110352230996,"Expt 2"
"6:2:2:2","new",0.350248447204969,"HG-CRP",0.291933947306654,"Expt 2"
"5:5:1:1","new",0.340124223602485,"HG-CRP",0.314840683747246,"Expt 2"
"4:4:2:2","new",0.310434782608696,"HG-CRP",0.289969778360636,"Expt 2"
"3:3:3:3","new",0.24,"HG-CRP",0.285715919325437,"Expt 2"
"8:1:1:1:1","new",0.435465838509317,"HG-CRP",0.418115719264657,"Expt 2"
"4:2:2:2:2","new",0.37527950310559,"HG-CRP",0.346141307829502,"Expt 2"
"3:3:2:2:2","new",0.350248447204969,"HG-CRP",0.345383124548079,"Expt 2"
"7:1:1:1:1:1","new",0.501552795031056,"HG-CRP",0.500757200983074,"Expt 2"
"4:4:1:1:1:1","new",0.507267080745342,"HG-CRP",0.476374188245163,"Expt 2"
"3:3:3:1:1:1","new",0.482422360248447,"HG-CRP",0.450878972022601,"Expt 2"
"2:2:2:2:2:2","new",0.409254658385093,"HG-CRP",0.415705170646743,"Expt 2"
"6:1:1:1:1:1:1","new",0.569813664596273,"HG-CRP",0.578261837771309,"Expt 2"
"2:2:2:2:2:1:1","new",0.51695652173913,"HG-CRP",0.506762045358292,"Expt 2"
"5:1:1:1:1:1:1:1","new",0.637267080745342,"HG-CRP",0.654632093660171,"Expt 2"
"3:3:1:1:1:1:1:1","new",0.631366459627329,"HG-CRP",0.627543844737071,"Expt 2"
"2:2:2:2:1:1:1:1","new",0.60583850931677,"HG-CRP",0.594262568845959,"Expt 2"
"4:1:1:1:1:1:1:1:1","new",0.716645962732919,"HG-CRP",0.740094082434756,"Expt 2"
"2:2:2:1:1:1:1:1:1","new",0.693788819875776,"HG-CRP",0.692185271653625,"Expt 2"
"3:1:1:1:1:1:1:1:1:1","new",0.743105590062112,"HG-CRP",0.80973321356354,"Expt 2"
"2:2:1:1:1:1:1:1:1:1","new",0.758012422360248,"HG-CRP",0.78456215806591,"Expt 2"
"11:1","new",0.159130434782609,"TTR",0.156126883333333,"Expt 2"
"10:2","new",0.176832298136646,"TTR",0.156126883333333,"Expt 2"
"9:3","new",0.173229813664596,"TTR",0.156126883333333,"Expt 2"
"8:4","new",0.204782608695652,"TTR",0.156126883333333,"Expt 2"
"7:5","new",0.155714285714286,"TTR",0.156126883333333,"Expt 2"
"6:6","new",0.142546583850932,"TTR",0.156126883333333,"Expt 2"
"10:1:1","new",0.266770186335404,"TTR",0.234190325,"Expt 2"
"8:2:2","new",0.262795031055901,"TTR",0.234190325,"Expt 2"
"6:3:3","new",0.242049689440994,"TTR",0.234190325,"Expt 2"
"5:5:2","new",0.24,"TTR",0.234190325,"Expt 2"
"4:4:4","new",0.213167701863354,"TTR",0.234190325,"Expt 2"
"9:1:1:1","new",0.361614906832298,"TTR",0.312253766666667,"Expt 2"
"6:2:2:2","new",0.350248447204969,"TTR",0.312253766666667,"Expt 2"
"5:5:1:1","new",0.340124223602485,"TTR",0.312253766666667,"Expt 2"
"4:4:2:2","new",0.310434782608696,"TTR",0.312253766666667,"Expt 2"
"3:3:3:3","new",0.24,"TTR",0.312253766666667,"Expt 2"
"8:1:1:1:1","new",0.435465838509317,"TTR",0.390317208333333,"Expt 2"
"4:2:2:2:2","new",0.37527950310559,"TTR",0.390317208333333,"Expt 2"
"3:3:2:2:2","new",0.350248447204969,"TTR",0.390317208333333,"Expt 2"
"7:1:1:1:1:1","new",0.501552795031056,"TTR",0.46838065,"Expt 2"
"4:4:1:1:1:1","new",0.507267080745342,"TTR",0.46838065,"Expt 2"
"3:3:3:1:1:1","new",0.482422360248447,"TTR",0.46838065,"Expt 2"
"2:2:2:2:2:2","new",0.409254658385093,"TTR",0.46838065,"Expt 2"
"6:1:1:1:1:1:1","new",0.569813664596273,"TTR",0.546444091666667,"Expt 2"
"2:2:2:2:2:1:1","new",0.51695652173913,"TTR",0.546444091666667,"Expt 2"
"5:1:1:1:1:1:1:1","new",0.637267080745342,"TTR",0.624507533333333,"Expt 2"
"3:3:1:1:1:1:1:1","new",0.631366459627329,"TTR",0.624507533333333,"Expt 2"
"2:2:2:2:1:1:1:1","new",0.60583850931677,"TTR",0.624507533333333,"Expt 2"
"4:1:1:1:1:1:1:1:1","new",0.716645962732919,"TTR",0.702570975,"Expt 2"
"2:2:2:1:1:1:1:1:1","new",0.693788819875776,"TTR",0.702570975,"Expt 2"
"3:1:1:1:1:1:1:1:1:1","new",0.743105590062112,"TTR",0.780634416666667,"Expt 2"
"2:2:1:1:1:1:1:1:1:1","new",0.758012422360248,"TTR",0.780634416666667,"Expt 2"
"11:1","new",0.159130434782609,"H-TTR",0.161043895094587,"Expt 2"
"10:2","new",0.176832298136646,"H-TTR",0.156562935341969,"Expt 2"
"9:3","new",0.173229813664596,"H-TTR",0.156675084935559,"Expt 2"
"8:4","new",0.204782608695652,"H-TTR",0.156874951656549,"Expt 2"
"7:5","new",0.155714285714286,"H-TTR",0.156650704726081,"Expt 2"
"6:6","new",0.142546583850932,"H-TTR",0.156807257480992,"Expt 2"
"10:1:1","new",0.266770186335404,"H-TTR",0.242708614776599,"Expt 2"
"8:2:2","new",0.262795031055901,"H-TTR",0.230001507957367,"Expt 2"
"6:3:3","new",0.242049689440994,"H-TTR",0.229431379432837,"Expt 2"
"5:5:2","new",0.24,"H-TTR",0.228808495825741,"Expt 2"
"4:4:4","new",0.213167701863354,"H-TTR",0.228864658485224,"Expt 2"
"9:1:1:1","new",0.361614906832298,"H-TTR",0.321889346865815,"Expt 2"
"6:2:2:2","new",0.350248447204969,"H-TTR",0.299223205614344,"Expt 2"
"5:5:1:1","new",0.340124223602485,"H-TTR",0.316072967803901,"Expt 2"
"4:4:2:2","new",0.310434782608696,"H-TTR",0.299876347128476,"Expt 2"
"3:3:3:3","new",0.24,"H-TTR",0.299343425716831,"Expt 2"
"8:1:1:1:1","new",0.435465838509317,"H-TTR",0.404270958461459,"Expt 2"
"4:2:2:2:2","new",0.37527950310559,"H-TTR",0.368497443247147,"Expt 2"
"3:3:2:2:2","new",0.350248447204969,"H-TTR",0.367652570551861,"Expt 2"
"7:1:1:1:1:1","new",0.501552795031056,"H-TTR",0.485174781257111,"Expt 2"
"4:4:1:1:1:1","new",0.507267080745342,"H-TTR",0.474474437218427,"Expt 2"
"3:3:3:1:1:1","new",0.482422360248447,"H-TTR",0.462931437594698,"Expt 2"
"2:2:2:2:2:2","new",0.409254658385093,"H-TTR",0.436527054543353,"Expt 2"
"6:1:1:1:1:1:1","new",0.569813664596273,"H-TTR",0.568016459392324,"Expt 2"
"2:2:2:2:2:1:1","new",0.51695652173913,"H-TTR",0.519666249122103,"Expt 2"
"5:1:1:1:1:1:1:1","new",0.637267080745342,"H-TTR",0.649046220581872,"Expt 2"
"3:3:1:1:1:1:1:1","new",0.631366459627329,"H-TTR",0.633124237914411,"Expt 2"
"2:2:2:2:1:1:1:1","new",0.60583850931677,"H-TTR",0.608875413341343,"Expt 2"
"4:1:1:1:1:1:1:1:1","new",0.716645962732919,"H-TTR",0.731510279830629,"Expt 2"
"2:2:2:1:1:1:1:1:1","new",0.693788819875776,"H-TTR",0.70115928762035,"Expt 2"
"3:1:1:1:1:1:1:1:1:1","new",0.743105590062112,"H-TTR",0.813335144113724,"Expt 2"
"2:2:1:1:1:1:1:1:1:1","new",0.758012422360248,"H-TTR",0.794087374390647,"Expt 2"
"11:1","new",0.159130434782609,"uniform",0.399178959627329,"Expt 2"
"10:2","new",0.176832298136646,"uniform",0.399178959627329,"Expt 2"
"9:3","new",0.173229813664596,"uniform",0.399178959627329,"Expt 2"
"8:4","new",0.204782608695652,"uniform",0.399178959627329,"Expt 2"
"7:5","new",0.155714285714286,"uniform",0.399178959627329,"Expt 2"
"6:6","new",0.142546583850932,"uniform",0.399178959627329,"Expt 2"
"10:1:1","new",0.266770186335404,"uniform",0.399178959627329,"Expt 2"
"8:2:2","new",0.262795031055901,"uniform",0.399178959627329,"Expt 2"
"6:3:3","new",0.242049689440994,"uniform",0.399178959627329,"Expt 2"
"5:5:2","new",0.24,"uniform",0.399178959627329,"Expt 2"
"4:4:4","new",0.213167701863354,"uniform",0.399178959627329,"Expt 2"
"9:1:1:1","new",0.361614906832298,"uniform",0.399178959627329,"Expt 2"
"6:2:2:2","new",0.350248447204969,"uniform",0.399178959627329,"Expt 2"
"5:5:1:1","new",0.340124223602485,"uniform",0.399178959627329,"Expt 2"
"4:4:2:2","new",0.310434782608696,"uniform",0.399178959627329,"Expt 2"
"3:3:3:3","new",0.24,"uniform",0.399178959627329,"Expt 2"
"8:1:1:1:1","new",0.435465838509317,"uniform",0.399178959627329,"Expt 2"
"4:2:2:2:2","new",0.37527950310559,"uniform",0.399178959627329,"Expt 2"
"3:3:2:2:2","new",0.350248447204969,"uniform",0.399178959627329,"Expt 2"
"7:1:1:1:1:1","new",0.501552795031056,"uniform",0.399178959627329,"Expt 2"
"4:4:1:1:1:1","new",0.507267080745342,"uniform",0.399178959627329,"Expt 2"
"3:3:3:1:1:1","new",0.482422360248447,"uniform",0.399178959627329,"Expt 2"
"2:2:2:2:2:2","new",0.409254658385093,"uniform",0.399178959627329,"Expt 2"
"6:1:1:1:1:1:1","new",0.569813664596273,"uniform",0.399178959627329,"Expt 2"
"2:2:2:2:2:1:1","new",0.51695652173913,"uniform",0.399178959627329,"Expt 2"
"5:1:1:1:1:1:1:1","new",0.637267080745342,"uniform",0.399178959627329,"Expt 2"
"3:3:1:1:1:1:1:1","new",0.631366459627329,"uniform",0.399178959627329,"Expt 2"
"2:2:2:2:1:1:1:1","new",0.60583850931677,"uniform",0.399178959627329,"Expt 2"
"4:1:1:1:1:1:1:1:1","new",0.716645962732919,"uniform",0.399178959627329,"Expt 2"
"2:2:2:1:1:1:1:1:1","new",0.693788819875776,"uniform",0.399178959627329,"Expt 2"
"3:1:1:1:1:1:1:1:1:1","new",0.743105590062112,"uniform",0.399178959627329,"Expt 2"
"2:2:1:1:1:1:1:1:1:1","new",0.758012422360248,"uniform",0.399178959627329,"Expt 2"
"11 far","new",0.8287841191067,"uniform",0.758068450556787,"Expt 3"
"111 far","new",0.846153846153846,"uniform",0.729805693798092,"Expt 3"
"1111 far","new",0.851116625310174,"uniform",0.697719801473263,"Expt 3"
"21 far","new",0.668316831683168,"uniform",0.701217366458067,"Expt 3"
"211 far","new",0.721393034825871,"uniform",0.735586585754901,"Expt 3"
"31 far","new",0.595533498759305,"uniform",0.716558579112765,"Expt 3"
"11 near","new",0.630272952853598,"uniform",0.524269491219952,"Expt 3"
"111 near","new",0.543424317617866,"uniform",0.509052429807487,"Expt 3"
"1111 near","new",0.558312655086849,"uniform",0.493267417186544,"Expt 3"
"21 near","new",0.409429280397022,"uniform",0.476668402941038,"Expt 3"
"211 near","new",0.416873449131514,"uniform",0.509836917541575,"Expt 3"
"31 near","new",0.272952853598015,"uniform",0.483164446090525,"Expt 3"
"11 far","nearest",0.136476426799007,"uniform",0.241921179540229,"Expt 3"
"111 far","nearest",0.121588089330025,"uniform",0.232901730904555,"Expt 3"
"1111 far","nearest",0.121588089330025,"uniform",0.222662211093221,"Expt 3"
"21 far","nearest",0.294554455445545,"uniform",0.223778383446814,"Expt 3"
"211 far","nearest",0.236318407960199,"uniform",0.234746577764965,"Expt 3"
"31 far","nearest",0.334987593052109,"uniform",0.228674200253695,"Expt 3"
"11 near","nearest",0.317617866004963,"uniform",0.475720468375307,"Expt 3"
"111 near","nearest",0.406947890818859,"uniform",0.461912555262552,"Expt 3"
"1111 near","nearest",0.404466501240695,"uniform",0.447589285030154,"Expt 3"
"21 near","nearest",0.553349875930521,"uniform",0.432527392313365,"Expt 3"
"211 near","nearest",0.54590570719603,"uniform",0.462624396936624,"Expt 3"
"31 near","nearest",0.637717121588089,"uniform",0.438421881200119,"Expt 3"
"11 far","other",0.0347394540942928,"uniform",1.0369902983902e-05,"Expt 3"
"111 far","other",0.032258064516129,"uniform",0.0372925752973529,"Expt 3"
"1111 far","other",0.0272952853598015,"uniform",0.0796179874335163,"Expt 3"
"21 far","other",0.0371287128712871,"uniform",0.0750042500951191,"Expt 3"
"211 far","other",0.0422885572139304,"uniform",0.0296668364801341,"Expt 3"
"31 far","other",0.0694789081885856,"uniform",0.05476722063354,"Expt 3"
"11 near","other",0.0521091811414392,"uniform",1.00404047405897e-05,"Expt 3"
"111 near","other",0.0496277915632754,"uniform",0.0290350149299615,"Expt 3"
"1111 near","other",0.0372208436724566,"uniform",0.0591432977833027,"Expt 3"
"21 near","other",0.0372208436724566,"uniform",0.090804204745597,"Expt 3"
"211 near","other",0.0372208436724566,"uniform",0.0275386855218014,"Expt 3"
"31 near","other",0.0893300248138958,"uniform",0.0784136727093565,"Expt 3"
"11 far","new",0.8287841191067,"CRP",0.777130364916197,"Expt 3"
"111 far","new",0.846153846153846,"CRP",0.762992069861064,"Expt 3"
"1111 far","new",0.851116625310174,"CRP",0.752482494759747,"Expt 3"
"21 far","new",0.668316831683168,"CRP",0.752644816579571,"Expt 3"
"211 far","new",0.721393034825871,"CRP",0.760205221795581,"Expt 3"
"31 far","new",0.595533498759305,"CRP",0.737521683342567,"Expt 3"
"11 near","new",0.630272952853598,"CRP",0.474326179463986,"Expt 3"
"111 near","new",0.543424317617866,"CRP",0.467261544555896,"Expt 3"
"1111 near","new",0.558312655086849,"CRP",0.462668067337857,"Expt 3"
"21 near","new",0.409429280397022,"CRP",0.449874359452316,"Expt 3"
"211 near","new",0.416873449131514,"CRP",0.46427717485013,"Expt 3"
"31 near","new",0.272952853598015,"CRP",0.42947378786985,"Expt 3"
"11 far","nearest",0.136476426799007,"CRP",0.185492673029896,"Expt 3"
"111 far","nearest",0.121588089330025,"CRP",0.182118013821791,"Expt 3"
"1111 far","nearest",0.121588089330025,"CRP",0.179609491100302,"Expt 3"
"21 far","nearest",0.294554455445545,"CRP",0.17964823557563,"Expt 3"
"211 far","nearest",0.236318407960199,"CRP",0.181452823114631,"Expt 3"
"31 far","nearest",0.334987593052109,"CRP",0.176038506069022,"Expt 3"
"11 near","nearest",0.317617866004963,"CRP",0.485138118528751,"Expt 3"
"111 near","nearest",0.406947890818859,"CRP",0.47791245012631,"Expt 3"
"1111 near","nearest",0.404466501240695,"CRP",0.47321426775404,"Expt 3"
"21 near","nearest",0.553349875930521,"CRP",0.460128936095535,"Expt 3"
"211 near","nearest",0.54590570719603,"CRP",0.474860053765465,"Expt 3"
"31 near","nearest",0.637717121588089,"CRP",0.439263347513406,"Expt 3"
"11 far","other",0.0347394540942928,"CRP",0.0373769620539067,"Expt 3"
"111 far","other",0.032258064516129,"CRP",0.0548899163171446,"Expt 3"
"1111 far","other",0.0272952853598015,"CRP",0.0679080141399511,"Expt 3"
"21 far","other",0.0371287128712871,"CRP",0.0677069478447986,"Expt 3"
"211 far","other",0.0422885572139304,"CRP",0.0583419550897877,"Expt 3"
"31 far","other",0.0694789081885856,"CRP",0.0864398105884113,"Expt 3"
"11 near","other",0.0521091811414392,"CRP",0.0405357020072632,"Expt 3"
"111 near","other",0.0496277915632754,"CRP",0.0548260053177936,"Expt 3"
"1111 near","other",0.0372208436724566,"CRP",0.0641176649081037,"Expt 3"
"21 near","other",0.0372208436724566,"CRP",0.0899967044521495,"Expt 3"
"211 near","other",0.0372208436724566,"CRP",0.0608627713844057,"Expt 3"
"31 near","other",0.0893300248138958,"CRP",0.131262864616744,"Expt 3"
"11 far","new",0.8287841191067,"G-CRP",0.732386319559724,"Expt 3"
"111 far","new",0.846153846153846,"G-CRP",0.775640823982639,"Expt 3"
"1111 far","new",0.851116625310174,"G-CRP",0.806414419185465,"Expt 3"
"21 far","new",0.668316831683168,"G-CRP",0.722530267614595,"Expt 3"
"211 far","new",0.721393034825871,"G-CRP",0.777342082458377,"Expt 3"
"31 far","new",0.595533498759305,"G-CRP",0.712564387140678,"Expt 3"
"11 near","new",0.630272952853598,"G-CRP",0.418295754296007,"Expt 3"
"111 near","new",0.543424317617866,"G-CRP",0.489287676858613,"Expt 3"
"1111 near","new",0.558312655086849,"G-CRP",0.544808006165053,"Expt 3"
"21 near","new",0.409429280397022,"G-CRP",0.405383347418539,"Expt 3"
"211 near","new",0.416873449131514,"G-CRP",0.488867433534705,"Expt 3"
"31 near","new",0.272952853598015,"G-CRP",0.391241500672017,"Expt 3"
"11 far","nearest",0.136476426799007,"G-CRP",0.21700417165269,"Expt 3"
"111 far","nearest",0.121588089330025,"G-CRP",0.166930108386543,"Expt 3"
"1111 far","nearest",0.121588089330025,"G-CRP",0.136264373638508,"Expt 3"
"21 far","nearest",0.294554455445545,"G-CRP",0.214083848960966,"Expt 3"
"211 far","nearest",0.236318407960199,"G-CRP",0.167296245976221,"Expt 3"
"31 far","nearest",0.334987593052109,"G-CRP",0.211130984360311,"Expt 3"
"11 near","nearest",0.317617866004963,"G-CRP",0.528155150391498,"Expt 3"
"111 near","nearest",0.406947890818859,"G-CRP",0.448733504872467,"Expt 3"
"1111 near","nearest",0.404466501240695,"G-CRP",0.392299472446746,"Expt 3"
"21 near","nearest",0.553349875930521,"G-CRP",0.511851484561174,"Expt 3"
"211 near","nearest",0.54590570719603,"G-CRP",0.448348093041032,"Expt 3"
"31 near","nearest",0.637717121588089,"G-CRP",0.493995484067473,"Expt 3"
"11 far","other",0.0347394540942928,"G-CRP",0.0506095087875856,"Expt 3"
"111 far","other",0.032258064516129,"G-CRP",0.0574290676308182,"Expt 3"
"1111 far","other",0.0272952853598015,"G-CRP",0.0573212071760273,"Expt 3"
"21 far","other",0.0371287128712871,"G-CRP",0.0633858834244389,"Expt 3"
"211 far","other",0.0422885572139304,"G-CRP",0.0553616715654027,"Expt 3"
"31 far","other",0.0694789081885856,"G-CRP",0.0763046284990112,"Expt 3"
"11 near","other",0.0521091811414392,"G-CRP",0.0535490953124945,"Expt 3"
"111 near","other",0.0496277915632754,"G-CRP",0.06197881826892,"Expt 3"
"1111 near","other",0.0372208436724566,"G-CRP",0.0628925213882005,"Expt 3"
"21 near","other",0.0372208436724566,"G-CRP",0.0827651680202862,"Expt 3"
"211 near","other",0.0372208436724566,"G-CRP",0.0627844734242632,"Expt 3"
"31 near","other",0.0893300248138958,"G-CRP",0.11476301526051,"Expt 3"
"11 far","new",0.8287841191067,"H-CRP",0.730670693321097,"Expt 3"
"111 far","new",0.846153846153846,"H-CRP",0.796774444333879,"Expt 3"
"1111 far","new",0.851116625310174,"H-CRP",0.837831426729007,"Expt 3"
"21 far","new",0.668316831683168,"H-CRP",0.690616402780623,"Expt 3"
"211 far","new",0.721393034825871,"H-CRP",0.756825001951085,"Expt 3"
"31 far","new",0.595533498759305,"H-CRP",0.661944371839091,"Expt 3"
"11 near","new",0.630272952853598,"H-CRP",0.456502176374865,"Expt 3"
"111 near","new",0.543424317617866,"H-CRP",0.555726984035994,"Expt 3"
"1111 near","new",0.558312655086849,"H-CRP",0.626173556805659,"Expt 3"
"21 near","new",0.409429280397022,"H-CRP",0.396925392091675,"Expt 3"
"211 near","new",0.416873449131514,"H-CRP",0.493006047411022,"Expt 3"
"31 near","new",0.272952853598015,"H-CRP",0.362244369814826,"Expt 3"
"11 far","nearest",0.136476426799007,"H-CRP",0.216618863305958,"Expt 3"
"111 far","nearest",0.121588089330025,"H-CRP",0.152227565491048,"Expt 3"
"1111 far","nearest",0.121588089330025,"H-CRP",0.117534689791733,"Expt 3"
"21 far","nearest",0.294554455445545,"H-CRP",0.274834484372402,"Expt 3"
"211 far","nearest",0.236318407960199,"H-CRP",0.19006385005243,"Expt 3"
"31 far","nearest",0.334987593052109,"H-CRP",0.314430569793217,"Expt 3"
"11 near","nearest",0.317617866004963,"H-CRP",0.466000343924299,"Expt 3"
"111 near","nearest",0.406947890818859,"H-CRP",0.365584851263338,"Expt 3"
"1111 near","nearest",0.404466501240695,"H-CRP",0.302463478929231,"Expt 3"
"21 near","nearest",0.553349875930521,"H-CRP",0.543891182687968,"Expt 3"
"211 near","nearest",0.54590570719603,"H-CRP",0.426309586620259,"Expt 3"
"31 near","nearest",0.637717121588089,"H-CRP",0.592480025855602,"Expt 3"
"11 far","other",0.0347394540942928,"H-CRP",0.0527104433729453,"Expt 3"
"111 far","other",0.032258064516129,"H-CRP",0.0509979901750729,"Expt 3"
"1111 far","other",0.0272952853598015,"H-CRP",0.0446338834792594,"Expt 3"
"21 far","other",0.0371287128712871,"H-CRP",0.0345491128469747,"Expt 3"
"211 far","other",0.0422885572139304,"H-CRP",0.0531111479964839,"Expt 3"
"31 far","other",0.0694789081885856,"H-CRP",0.023625058367692,"Expt 3"
"11 near","other",0.0521091811414392,"H-CRP",0.0774974797008356,"Expt 3"
"111 near","other",0.0496277915632754,"H-CRP",0.0786881647006687,"Expt 3"
"1111 near","other",0.0372208436724566,"H-CRP",0.0713629642651108,"Expt 3"
"21 near","other",0.0372208436724566,"H-CRP",0.0591834252203568,"Expt 3"
"211 near","other",0.0372208436724566,"H-CRP",0.0806843659687185,"Expt 3"
"31 near","other",0.0893300248138958,"H-CRP",0.0452756043295714,"Expt 3"
"11 far","new",0.8287841191067,"HG-CRP",0.773879687755481,"Expt 3"
"111 far","new",0.846153846153846,"HG-CRP",0.795092129563868,"Expt 3"
"1111 far","new",0.851116625310174,"HG-CRP",0.853288189509227,"Expt 3"
"21 far","new",0.668316831683168,"HG-CRP",0.710094498526811,"Expt 3"
"211 far","new",0.721393034825871,"HG-CRP",0.732633594316173,"Expt 3"
"31 far","new",0.595533498759305,"HG-CRP",0.677298331732829,"Expt 3"
"11 near","new",0.630272952853598,"HG-CRP",0.520503395409881,"Expt 3"
"111 near","new",0.543424317617866,"HG-CRP",0.558720944330513,"Expt 3"
"1111 near","new",0.558312655086849,"HG-CRP",0.658340885190894,"Expt 3"
"21 near","new",0.409429280397022,"HG-CRP",0.425648329070488,"Expt 3"
"211 near","new",0.416873449131514,"HG-CRP",0.467115213356328,"Expt 3"
"31 near","new",0.272952853598015,"HG-CRP",0.38470429936673,"Expt 3"
"11 far","nearest",0.136476426799007,"HG-CRP",0.181947647145047,"Expt 3"
"111 far","nearest",0.121588089330025,"HG-CRP",0.153693746339853,"Expt 3"
"1111 far","nearest",0.121588089330025,"HG-CRP",0.106554196075612,"Expt 3"
"21 far","nearest",0.294554455445545,"HG-CRP",0.257077602595249,"Expt 3"
"211 far","nearest",0.236318407960199,"HG-CRP",0.209037122068633,"Expt 3"
"31 far","nearest",0.334987593052109,"HG-CRP",0.300080379223559,"Expt 3"
"11 near","nearest",0.317617866004963,"HG-CRP",0.409274205755716,"Expt 3"
"111 near","nearest",0.406947890818859,"HG-CRP",0.361203130294505,"Expt 3"
"1111 near","nearest",0.404466501240695,"HG-CRP",0.274943502403714,"Expt 3"
"21 near","nearest",0.553349875930521,"HG-CRP",0.515367274255642,"Expt 3"
"211 near","nearest",0.54590570719603,"HG-CRP",0.445736718906782,"Expt 3"
"31 near","nearest",0.637717121588089,"HG-CRP",0.570036211874327,"Expt 3"
"11 far","other",0.0347394540942928,"HG-CRP",0.0441726650994717,"Expt 3"
"111 far","other",0.032258064516129,"HG-CRP",0.05121412409628,"Expt 3"
"1111 far","other",0.0272952853598015,"HG-CRP",0.0401576144151612,"Expt 3"
"21 far","other",0.0371287128712871,"HG-CRP",0.0328278988779402,"Expt 3"
"211 far","other",0.0422885572139304,"HG-CRP",0.0583292836151943,"Expt 3"
"31 far","other",0.0694789081885856,"HG-CRP",0.0226212890436117,"Expt 3"
"11 near","other",0.0521091811414392,"HG-CRP",0.0702223988344038,"Expt 3"
"111 near","other",0.0496277915632754,"HG-CRP",0.0800759253749818,"Expt 3"
"1111 near","other",0.0372208436724566,"HG-CRP",0.0667156124053921,"Expt 3"
"21 near","other",0.0372208436724566,"HG-CRP",0.0589843966738701,"Expt 3"
"211 near","other",0.0372208436724566,"HG-CRP",0.0871480677368907,"Expt 3"
"31 near","other",0.0893300248138958,"HG-CRP",0.0452594887589434,"Expt 3"
"11 far","new",0.8287841191067,"TTR",0.749588068184108,"Expt 3"
"111 far","new",0.846153846153846,"TTR",0.801121850924587,"Expt 3"
"1111 far","new",0.851116625310174,"TTR",0.834863458300613,"Expt 3"
"21 far","new",0.668316831683168,"TTR",0.76411507799246,"Expt 3"
"211 far","new",0.721393034825871,"TTR",0.809184231815047,"Expt 3"
"31 far","new",0.595533498759305,"TTR",0.768311344419694,"Expt 3"
"11 near","new",0.630272952853598,"TTR",0.482878772419093,"Expt 3"
"111 near","new",0.543424317617866,"TTR",0.570336473979612,"Expt 3"
"1111 near","new",0.558312655086849,"TTR",0.632517011700458,"Expt 3"
"21 near","new",0.409429280397022,"TTR",0.487760262873222,"Expt 3"
"211 near","new",0.416873449131514,"TTR",0.5753155271697,"Expt 3"
"31 near","new",0.272952853598015,"TTR",0.48672106050144,"Expt 3"
"11 far","nearest",0.136476426799007,"TTR",0.19091644124386,"Expt 3"
"111 far","nearest",0.121588089330025,"TTR",0.136027896985905,"Expt 3"
"1111 far","nearest",0.121588089330025,"TTR",0.106317834520378,"Expt 3"
"21 far","nearest",0.294554455445545,"TTR",0.194616400104257,"Expt 3"
"211 far","nearest",0.236318407960199,"TTR",0.137396863162477,"Expt 3"
"31 far","nearest",0.334987593052109,"TTR",0.195685168787754,"Expt 3"
"11 near","nearest",0.317617866004963,"TTR",0.442941804549403,"Expt 3"
"111 near","nearest",0.406947890818859,"TTR",0.348777486765171,"Expt 3"
"1111 near","nearest",0.404466501240695,"TTR",0.290102032407874,"Expt 3"
"21 near","nearest",0.553349875930521,"TTR",0.447419566493277,"Expt 3"
"211 near","nearest",0.54590570719603,"TTR",0.351822323869822,"Expt 3"
"31 near","nearest",0.637717121588089,"TTR",0.446466312384501,"Expt 3"
"11 far","other",0.0347394540942928,"TTR",0.0594954905720321,"Expt 3"
"111 far","other",0.032258064516129,"TTR",0.0628502520895082,"Expt 3"
"1111 far","other",0.0272952853598015,"TTR",0.0588187071790095,"Expt 3"
"21 far","other",0.0371287128712871,"TTR",0.0412685219032834,"Expt 3"
"211 far","other",0.0422885572139304,"TTR",0.0534189050224762,"Expt 3"
"31 far","other",0.0694789081885856,"TTR",0.0360034867925518,"Expt 3"
"11 near","other",0.0521091811414392,"TTR",0.0741794230315036,"Expt 3"
"111 near","other",0.0496277915632754,"TTR",0.0808860392552175,"Expt 3"
"1111 near","other",0.0372208436724566,"TTR",0.0773809558916679,"Expt 3"
"21 near","other",0.0372208436724566,"TTR",0.0648201706335012,"Expt 3"
"211 near","other",0.0372208436724566,"TTR",0.0728621489604784,"Expt 3"
"31 near","other",0.0893300248138958,"TTR",0.0668126271140582,"Expt 3"
"11 far","new",0.8287841191067,"H-TTR",0.710052371863923,"Expt 3"
"111 far","new",0.846153846153846,"H-TTR",0.806363170113342,"Expt 3"
"1111 far","new",0.851116625310174,"H-TTR",0.8615235380864,"Expt 3"
"21 far","new",0.668316831683168,"H-TTR",0.694181440289948,"Expt 3"
"211 far","new",0.721393034825871,"H-TTR",0.786596093639769,"Expt 3"
"31 far","new",0.595533498759305,"H-TTR",0.691185509162952,"Expt 3"
"11 near","new",0.630272952853598,"H-TTR",0.40502728770237,"Expt 3"
"111 near","new",0.543424317617866,"H-TTR",0.536564784411702,"Expt 3"
"1111 near","new",0.558312655086849,"H-TTR",0.633785287093196,"Expt 3"
"21 near","new",0.409429280397022,"H-TTR",0.381669972898344,"Expt 3"
"211 near","new",0.416873449131514,"H-TTR",0.505738595479997,"Expt 3"
"31 near","new",0.272952853598015,"H-TTR",0.38034861761326,"Expt 3"
"11 far","nearest",0.136476426799007,"H-TTR",0.261130305476329,"Expt 3"
"111 far","nearest",0.121588089330025,"H-TTR",0.171985489933017,"Expt 3"
"1111 far","nearest",0.121588089330025,"H-TTR",0.122664028735866,"Expt 3"
"21 far","nearest",0.294554455445545,"H-TTR",0.2858529467751,"Expt 3"
"211 far","nearest",0.236318407960199,"H-TTR",0.190927236903186,"Expt 3"
"31 far","nearest",0.334987593052109,"H-TTR",0.297613354593719,"Expt 3"
"11 near","nearest",0.317617866004963,"H-TTR",0.524858462182414,"Expt 3"
"111 near","nearest",0.406947890818859,"H-TTR",0.403249944057195,"Expt 3"
"1111 near","nearest",0.404466501240695,"H-TTR",0.317967883172886,"Expt 3"
"21 near","nearest",0.553349875930521,"H-TTR",0.55379457253604,"Expt 3"
"211 near","nearest",0.54590570719603,"H-TTR",0.432546921997234,"Expt 3"
"31 near","nearest",0.637717121588089,"H-TTR",0.577072871477709,"Expt 3"
"11 far","other",0.0347394540942928,"H-TTR",0.0288173226597484,"Expt 3"
"111 far","other",0.032258064516129,"H-TTR",0.0216513399536402,"Expt 3"
"1111 far","other",0.0272952853598015,"H-TTR",0.0158124331777345,"Expt 3"
"21 far","other",0.0371287128712871,"H-TTR",0.0199656129349524,"Expt 3"
"211 far","other",0.0422885572139304,"H-TTR",0.0224766694570442,"Expt 3"
"31 far","other",0.0694789081885856,"H-TTR",0.0112011362433293,"Expt 3"
"11 near","other",0.0521091811414392,"H-TTR",0.0701142501152167,"Expt 3"
"111 near","other",0.0496277915632754,"H-TTR",0.0601852715311024,"Expt 3"
"1111 near","other",0.0372208436724566,"H-TTR",0.0482468297339182,"Expt 3"
"21 near","other",0.0372208436724566,"H-TTR",0.0645354545656157,"Expt 3"
"211 near","other",0.0372208436724566,"H-TTR",0.0617144825227693,"Expt 3"
"31 near","other",0.0893300248138958,"H-TTR",0.0425785109090313,"Expt 3"
"1 far","new",0.598984771573604,"CRP",0.724137931034483,"Expt 4"
"11 far","new",0.385786802030457,"CRP",0.162790697674419,"Expt 4"
"111 far","new",0.484771573604061,"CRP",0.0917030567685589,"Expt 4"
"1111 far","new",0.454314720812183,"CRP",0.0638297872340425,"Expt 4"
"2 far","new",0.439086294416244,"CRP",0.567567567567567,"Expt 4"
"21 far","new",0.289340101522843,"CRP",0.0917030567685589,"Expt 4"
"211 far","new",0.375634517766497,"CRP",0.0638297872340425,"Expt 4"
"22 far","new",0.238578680203046,"CRP",0.0886075949367089,"Expt 4"
"3 far","new",0.302030456852792,"CRP",0.466666666666667,"Expt 4"
"31 far","new",0.218274111675127,"CRP",0.0638297872340425,"Expt 4"
"4 far","new",0.269035532994924,"CRP",0.39622641509434,"Expt 4"
"1 near","new",0.385786802030457,"CRP",0.313432835820895,"Expt 4"
"11 near","new",0.241116751269036,"CRP",0.125748502994012,"Expt 4"
"111 near","new",0.312182741116751,"CRP",0.0786516853932584,"Expt 4"
"1111 near","new",0.307106598984772,"CRP",0.0572207084468665,"Expt 4"
"2 near","new",0.203045685279188,"CRP",0.185840707964602,"Expt 4"
"21 near","new",0.137055837563452,"CRP",0.0786516853932584,"Expt 4"
"211 near","new",0.223350253807107,"CRP",0.0572207084468665,"Expt 4"
"22 near","new",0.139593908629442,"CRP",0.0670926517571885,"Expt 4"
"3 near","new",0.149746192893401,"CRP",0.132075471698113,"Expt 4"
"31 near","new",0.149746192893401,"CRP",0.0572207084468665,"Expt 4"
"4 near","new",0.16243654822335,"CRP",0.102439024390244,"Expt 4"
"1 far","nearest",0.401015228426396,"CRP",0.275862068965517,"Expt 4"
"11 far","nearest",0.436548223350254,"CRP",0.062015503875969,"Expt 4"
"111 far","nearest",0.378172588832487,"CRP",0.0349344978165939,"Expt 4"
"1111 far","nearest",0.421319796954315,"CRP",0.0243161094224924,"Expt 4"
"2 far","nearest",0.560913705583756,"CRP",0.432432432432432,"Expt 4"
"21 far","nearest",0.525380710659898,"CRP",0.0349344978165939,"Expt 4"
"211 far","nearest",0.421319796954315,"CRP",0.0243161094224924,"Expt 4"
"22 far","nearest",0.5,"CRP",0.0675105485232068,"Expt 4"
"3 far","nearest",0.697969543147208,"CRP",0.533333333333333,"Expt 4"
"31 far","nearest",0.558375634517767,"CRP",0.0243161094224924,"Expt 4"
"4 far","nearest",0.730964467005076,"CRP",0.60377358490566,"Expt 4"
"1 near","nearest",0.614213197969543,"CRP",0.686567164179104,"Expt 4"
"11 near","nearest",0.649746192893401,"CRP",0.275449101796407,"Expt 4"
"111 near","nearest",0.619289340101523,"CRP",0.172284644194757,"Expt 4"
"1111 near","nearest",0.616751269035533,"CRP",0.125340599455041,"Expt 4"
"2 near","nearest",0.796954314720812,"CRP",0.814159292035398,"Expt 4"
"21 near","nearest",0.781725888324873,"CRP",0.172284644194757,"Expt 4"
"211 near","nearest",0.647208121827411,"CRP",0.125340599455041,"Expt 4"
"22 near","nearest",0.708121827411167,"CRP",0.293929712460064,"Expt 4"
"3 near","nearest",0.850253807106599,"CRP",0.867924528301887,"Expt 4"
"31 near","nearest",0.710659898477157,"CRP",0.125340599455041,"Expt 4"
"4 near","nearest",0.83756345177665,"CRP",0.897560975609756,"Expt 4"
"1 far","other",0,"CRP",0,"Expt 4"
"11 far","other",0.177664974619289,"CRP",0.775193798449612,"Expt 4"
"111 far","other",0.137055837563452,"CRP",0.873362445414847,"Expt 4"
"1111 far","other",0.124365482233503,"CRP",0.911854103343465,"Expt 4"
"2 far","other",0,"CRP",0,"Expt 4"
"21 far","other",0.185279187817259,"CRP",0.873362445414847,"Expt 4"
"211 far","other",0.203045685279188,"CRP",0.911854103343465,"Expt 4"
"22 far","other",0.261421319796954,"CRP",0.843881856540084,"Expt 4"
"3 far","other",0,"CRP",0,"Expt 4"
"31 far","other",0.223350253807107,"CRP",0.911854103343465,"Expt 4"
"4 far","other",0,"CRP",0,"Expt 4"
"1 near","other",0,"CRP",0,"Expt 4"
"11 near","other",0.109137055837563,"CRP",0.598802395209581,"Expt 4"
"111 near","other",0.0685279187817259,"CRP",0.749063670411985,"Expt 4"
"1111 near","other",0.0761421319796954,"CRP",0.817438692098093,"Expt 4"
"2 near","other",0,"CRP",0,"Expt 4"
"21 near","other",0.0812182741116751,"CRP",0.749063670411985,"Expt 4"
"211 near","other",0.129441624365482,"CRP",0.817438692098093,"Expt 4"
"22 near","other",0.152284263959391,"CRP",0.638977635782748,"Expt 4"
"3 near","other",0,"CRP",0,"Expt 4"
"31 near","other",0.139593908629442,"CRP",0.817438692098093,"Expt 4"
"4 near","other",0,"CRP",0,"Expt 4"
"1 far","new",0.598984771573604,"TTR",0.445103857566766,"Expt 4"
"11 far","new",0.385786802030457,"TTR",0.189035916824197,"Expt 4"
"111 far","new",0.484771573604061,"TTR",0.158618258724004,"Expt 4"
"1111 far","new",0.454314720812183,"TTR",0.146806948862246,"Expt 4"
"2 far","new",0.439086294416244,"TTR",0.272975432211101,"Expt 4"
"21 far","new",0.289340101522843,"TTR",0.105745505816003,"Expt 4"
"211 far","new",0.375634517766497,"TTR",0.110105211646685,"Expt 4"
"22 far","new",0.238578680203046,"TTR",0.0983767830791933,"Expt 4"
"3 far","new",0.302030456852792,"TTR",0.196850393700787,"Expt 4"
"31 far","new",0.218274111675127,"TTR",0.0734034744311231,"Expt 4"
"4 far","new",0.269035532994924,"TTR",0.153925089789636,"Expt 4"
"1 near","new",0.385786802030457,"TTR",0.134168157423971,"Expt 4"
"11 near","new",0.241116751269036,"TTR",0.126689189189189,"Expt 4"
"111 near","new",0.312182741116751,"TTR",0.124378109452736,"Expt 4"
"1111 near","new",0.307106598984772,"TTR",0.123253903040263,"Expt 4"
"2 near","new",0.203045685279188,"TTR",0.0676284941388638,"Expt 4"
"21 near","new",0.137055837563452,"TTR",0.0829187396351576,"Expt 4"
"211 near","new",0.223350253807107,"TTR",0.0924404272801972,"Expt 4"
"22 near","new",0.139593908629442,"TTR",0.0635862653666808,"Expt 4"
"3 near","new",0.149746192893401,"TTR",0.0452079566003617,"Expt 4"
"31 near","new",0.149746192893401,"TTR",0.0616269515201315,"Expt 4"
"4 near","new",0.16243654822335,"TTR",0.0339520144861928,"Expt 4"
"1 far","nearest",0.401015228426396,"TTR",0.554896142433234,"Expt 4"
"11 far","nearest",0.436548223350254,"TTR",0.117832388153749,"Expt 4"
"111 far","nearest",0.378172588832487,"TTR",0.0659146986253084,"Expt 4"
"1111 far","nearest",0.421319796954315,"TTR",0.0457548323954,"Expt 4"
"2 far","nearest",0.560913705583756,"TTR",0.727024567788899,"Expt 4"
"21 far","nearest",0.525380710659898,"TTR",0.0659146986253084,"Expt 4"
"211 far","nearest",0.421319796954315,"TTR",0.0457548323954,"Expt 4"
"22 far","nearest",0.5,"TTR",0.131005082800459,"Expt 4"
"3 far","nearest",0.697969543147208,"TTR",0.803149606299213,"Expt 4"
"31 far","nearest",0.558375634517767,"TTR",0.0457548323954,"Expt 4"
"4 far","nearest",0.730964467005076,"TTR",0.846074910210364,"Expt 4"
"1 near","nearest",0.614213197969543,"TTR",0.865831842576029,"Expt 4"
"11 near","nearest",0.649746192893401,"TTR",0.408783783783784,"Expt 4"
"111 near","nearest",0.619289340101523,"TTR",0.267551133222775,"Expt 4"
"1111 near","nearest",0.616751269035533,"TTR",0.198849630238291,"Expt 4"
"2 near","nearest",0.796954314720812,"TTR",0.932371505861136,"Expt 4"
"21 near","nearest",0.781725888324873,"TTR",0.267551133222775,"Expt 4"
"211 near","nearest",0.647208121827411,"TTR",0.198849630238291,"Expt 4"
"22 near","nearest",0.708121827411167,"TTR",0.43832132259432,"Expt 4"
"3 near","nearest",0.850253807106599,"TTR",0.954792043399638,"Expt 4"
"31 near","nearest",0.710659898477157,"TTR",0.198849630238291,"Expt 4"
"4 near","nearest",0.83756345177665,"TTR",0.966047985513807,"Expt 4"
"1 far","other",0,"TTR",0,"Expt 4"
"11 far","other",0.177664974619289,"TTR",0.693131695022054,"Expt 4"
"111 far","other",0.137055837563452,"TTR",0.775467042650687,"Expt 4"
"1111 far","other",0.124365482233503,"TTR",0.807438218742354,"Expt 4"
"2 far","other",0,"TTR",0,"Expt 4"
"21 far","other",0.185279187817259,"TTR",0.828339795558689,"Expt 4"
"211 far","other",0.203045685279188,"TTR",0.844139955957915,"Expt 4"
"22 far","other",0.261421319796954,"TTR",0.770618134120348,"Expt 4"
"3 far","other",0,"TTR",0,"Expt 4"
"31 far","other",0.223350253807107,"TTR",0.880841693173477,"Expt 4"
"4 far","other",0,"TTR",0,"Expt 4"
"1 near","other",0,"TTR",0,"Expt 4"
"11 near","other",0.109137055837563,"TTR",0.464527027027027,"Expt 4"
"111 near","other",0.0685279187817259,"TTR",0.608070757324489,"Expt 4"
"1111 near","other",0.0761421319796954,"TTR",0.677896466721446,"Expt 4"
"2 near","other",0,"TTR",0,"Expt 4"
"21 near","other",0.0812182741116751,"TTR",0.649530127142067,"Expt 4"
"211 near","other",0.129441624365482,"TTR",0.708709942481512,"Expt 4"
"22 near","other",0.152284263959391,"TTR",0.498092412039,"Expt 4"
"3 near","other",0,"TTR",0,"Expt 4"
"31 near","other",0.139593908629442,"TTR",0.739523418241578,"Expt 4"
"4 near","other",0,"TTR",0,"Expt 4"
"1 far","new",0.598984771573604,"G-CRP",0.472699208952344,"Expt 4"
"11 far","new",0.385786802030457,"G-CRP",0.18001800180018,"Expt 4"
"111 far","new",0.484771573604061,"G-CRP",0.140632978217033,"Expt 4"
"1111 far","new",0.454314720812183,"G-CRP",0.125038508236232,"Expt 4"
"2 far","new",0.439086294416244,"G-CRP",0.29940119760479,"Expt 4"
"21 far","new",0.289340101522843,"G-CRP",0.102121178028369,"Expt 4"
"211 far","new",0.375634517766497,"G-CRP",0.0981582492192644,"Expt 4"
"22 far","new",0.238578680203046,"G-CRP",0.0947418285172904,"Expt 4"
"3 far","new",0.302030456852792,"G-CRP",0.219082535992131,"Expt 4"
"31 far","new",0.218274111675127,"G-CRP",0.0712779902022966,"Expt 4"
"4 far","new",0.269035532994924,"G-CRP",0.172742015088486,"Expt 4"
"1 near","new",0.385786802030457,"G-CRP",0.145192355178033,"Expt 4"
"11 near","new",0.241116751269036,"G-CRP",0.117269994285572,"Expt 4"
"111 near","new",0.312182741116751,"G-CRP",0.107885608059885,"Expt 4"
"1111 near","new",0.307106598984772,"G-CRP",0.103178855811287,"Expt 4"
"2 near","new",0.203045685279188,"G-CRP",0.0749063670411985,"Expt 4"
"21 near","new",0.137055837563452,"G-CRP",0.0783415492373317,"Expt 4"
"211 near","new",0.223350253807107,"G-CRP",0.0809978940547546,"Expt 4"
"22 near","new",0.139593908629442,"G-CRP",0.0595591111559767,"Expt 4"
"3 near","new",0.149746192893401,"G-CRP",0.0504729694930385,"Expt 4"
"31 near","new",0.149746192893401,"G-CRP",0.0588169322982218,"Expt 4"
"4 near","new",0.16243654822335,"G-CRP",0.0380587450970239,"Expt 4"
"1 far","nearest",0.401015228426396,"G-CRP",0.527300791047656,"Expt 4"
"11 far","nearest",0.436548223350254,"G-CRP",0.125081999725396,"Expt 4"
"111 far","nearest",0.378172588832487,"G-CRP",0.0709569100554743,"Expt 4"
"1111 far","nearest",0.421319796954315,"G-CRP",0.0495261221753076,"Expt 4"
"2 far","nearest",0.560913705583756,"G-CRP",0.70059880239521,"Expt 4"
"21 far","nearest",0.525380710659898,"G-CRP",0.0709569100554743,"Expt 4"
"211 far","nearest",0.421319796954315,"G-CRP",0.0495261221753076,"Expt 4"
"22 far","nearest",0.5,"G-CRP",0.13809022954821,"Expt 4"
"3 far","nearest",0.697969543147208,"G-CRP",0.780917464007869,"Expt 4"
"31 far","nearest",0.558375634517767,"G-CRP",0.0495261221753076,"Expt 4"
"4 far","nearest",0.730964467005076,"G-CRP",0.827257984911514,"Expt 4"
"1 near","nearest",0.614213197969543,"G-CRP",0.854807644821966,"Expt 4"
"11 near","nearest",0.649746192893401,"G-CRP",0.430047951501901,"Expt 4"
"111 near","nearest",0.619289340101523,"G-CRP",0.287291075370546,"Expt 4"
"1111 near","nearest",0.616751269035533,"G-CRP",0.215691161260576,"Expt 4"
"2 near","nearest",0.796954314720812,"G-CRP",0.925093632958802,"Expt 4"
"21 near","nearest",0.781725888324873,"G-CRP",0.287291075370546,"Expt 4"
"211 near","nearest",0.647208121827411,"G-CRP",0.215691161260576,"Expt 4"
"22 near","nearest",0.708121827411167,"G-CRP",0.458163509949652,"Expt 4"
"3 near","nearest",0.850253807106599,"G-CRP",0.949527030506962,"Expt 4"
"31 near","nearest",0.710659898477157,"G-CRP",0.215691161260576,"Expt 4"
"4 near","nearest",0.83756345177665,"G-CRP",0.961941254902976,"Expt 4"
"1 far","other",0,"G-CRP",0,"Expt 4"
"11 far","other",0.177664974619289,"G-CRP",0.694899998474424,"Expt 4"
"111 far","other",0.137055837563452,"G-CRP",0.788410111727492,"Expt 4"
"1111 far","other",0.124365482233503,"G-CRP",0.82543536958846,"Expt 4"
"2 far","other",0,"G-CRP",0,"Expt 4"
"21 far","other",0.185279187817259,"G-CRP",0.826921911916157,"Expt 4"
"211 far","other",0.203045685279188,"G-CRP",0.852315628605428,"Expt 4"
"22 far","other",0.261421319796954,"G-CRP",0.7671679419345,"Expt 4"
"3 far","other",0,"G-CRP",0,"Expt 4"
"31 far","other",0.223350253807107,"G-CRP",0.879195887622396,"Expt 4"
"4 far","other",0,"G-CRP",0,"Expt 4"
"1 near","other",0,"G-CRP",0,"Expt 4"
"11 near","other",0.109137055837563,"G-CRP",0.452682054212527,"Expt 4"
"111 near","other",0.0685279187817259,"G-CRP",0.60482331656957,"Expt 4"
"1111 near","other",0.0761421319796954,"G-CRP",0.681129982928136,"Expt 4"
"2 near","other",0,"G-CRP",0,"Expt 4"
"21 near","other",0.0812182741116751,"G-CRP",0.634367375392123,"Expt 4"
"211 near","other",0.129441624365482,"G-CRP",0.703310944684669,"Expt 4"
"22 near","other",0.152284263959391,"G-CRP",0.482277378894371,"Expt 4"
"3 near","other",0,"G-CRP",0,"Expt 4"
"31 near","other",0.139593908629442,"G-CRP",0.725491906441202,"Expt 4"
"4 near","other",0,"G-CRP",0,"Expt 4"
"1 far","new",0.598984771573604,"uniform",0.155763239875389,"Expt 4"
"11 far","new",0.385786802030457,"uniform",0.134770889487871,"Expt 4"
"111 far","new",0.484771573604061,"uniform",0.118764845605701,"Expt 4"
"1111 far","new",0.454314720812183,"uniform",0.106157112526539,"Expt 4"
"2 far","new",0.439086294416244,"uniform",0.155763239875389,"Expt 4"
"21 far","new",0.289340101522843,"uniform",0.134770889487871,"Expt 4"
"211 far","new",0.375634517766497,"uniform",0.118764845605701,"Expt 4"
"22 far","new",0.238578680203046,"uniform",0.134770889487871,"Expt 4"
"3 far","new",0.302030456852792,"uniform",0.155763239875389,"Expt 4"
"31 far","new",0.218274111675127,"uniform",0.134770889487871,"Expt 4"
"4 far","new",0.269035532994924,"uniform",0.155763239875389,"Expt 4"
"1 near","new",0.385786802030457,"uniform",0.0441891294741494,"Expt 4"
"11 near","new",0.241116751269036,"uniform",0.0423190859077444,"Expt 4"
"111 near","new",0.312182741116751,"uniform",0.0406008932196508,"Expt 4"
"1111 near","new",0.307106598984772,"uniform",0.0390167772142021,"Expt 4"
"2 near","new",0.203045685279188,"uniform",0.0441891294741494,"Expt 4"
"21 near","new",0.137055837563452,"uniform",0.0423190859077444,"Expt 4"
"211 near","new",0.223350253807107,"uniform",0.0406008932196508,"Expt 4"
"22 near","new",0.139593908629442,"uniform",0.0423190859077444,"Expt 4"
"3 near","new",0.149746192893401,"uniform",0.0441891294741494,"Expt 4"
"31 near","new",0.149746192893401,"uniform",0.0423190859077444,"Expt 4"
"4 near","new",0.16243654822335,"uniform",0.0441891294741494,"Expt 4"
"1 far","nearest",0.401015228426396,"uniform",0.844236760124611,"Expt 4"
"11 far","nearest",0.436548223350254,"uniform",0.730458221024259,"Expt 4"
"111 far","nearest",0.378172588832487,"uniform",0.643705463182898,"Expt 4"
"1111 far","nearest",0.421319796954315,"uniform",0.575371549893843,"Expt 4"
"2 far","nearest",0.560913705583756,"uniform",0.844236760124611,"Expt 4"
"21 far","nearest",0.525380710659898,"uniform",0.730458221024259,"Expt 4"
"211 far","nearest",0.421319796954315,"uniform",0.643705463182898,"Expt 4"
"22 far","nearest",0.5,"uniform",0.730458221024259,"Expt 4"
"3 far","nearest",0.697969543147208,"uniform",0.844236760124611,"Expt 4"
"31 far","nearest",0.558375634517767,"uniform",0.730458221024259,"Expt 4"
"4 far","nearest",0.730964467005076,"uniform",0.844236760124611,"Expt 4"
"1 near","nearest",0.614213197969543,"uniform",0.955810870525851,"Expt 4"
"11 near","nearest",0.649746192893401,"uniform",0.915361828184511,"Expt 4"
"111 near","nearest",0.619289340101523,"uniform",0.878197320341047,"Expt 4"
"1111 near","nearest",0.616751269035533,"uniform",0.843932891143192,"Expt 4"
"2 near","nearest",0.796954314720812,"uniform",0.955810870525851,"Expt 4"
"21 near","nearest",0.781725888324873,"uniform",0.915361828184511,"Expt 4"
"211 near","nearest",0.647208121827411,"uniform",0.878197320341047,"Expt 4"
"22 near","nearest",0.708121827411167,"uniform",0.915361828184511,"Expt 4"
"3 near","nearest",0.850253807106599,"uniform",0.955810870525851,"Expt 4"
"31 near","nearest",0.710659898477157,"uniform",0.915361828184511,"Expt 4"
"4 near","nearest",0.83756345177665,"uniform",0.955810870525851,"Expt 4"
"1 far","other",0,"uniform",0,"Expt 4"
"11 far","other",0.177664974619289,"uniform",0.134770889487871,"Expt 4"
"111 far","other",0.137055837563452,"uniform",0.237529691211401,"Expt 4"
"1111 far","other",0.124365482233503,"uniform",0.318471337579618,"Expt 4"
"2 far","other",0,"uniform",0,"Expt 4"
"21 far","other",0.185279187817259,"uniform",0.134770889487871,"Expt 4"
"211 far","other",0.203045685279188,"uniform",0.237529691211401,"Expt 4"
"22 far","other",0.261421319796954,"uniform",0.134770889487871,"Expt 4"
"3 far","other",0,"uniform",0,"Expt 4"
"31 far","other",0.223350253807107,"uniform",0.134770889487871,"Expt 4"
"4 far","other",0,"uniform",0,"Expt 4"
"1 near","other",0,"uniform",0,"Expt 4"
"11 near","other",0.109137055837563,"uniform",0.0423190859077444,"Expt 4"
"111 near","other",0.0685279187817259,"uniform",0.0812017864393017,"Expt 4"
"1111 near","other",0.0761421319796954,"uniform",0.117050331642606,"Expt 4"
"2 near","other",0,"uniform",0,"Expt 4"
"21 near","other",0.0812182741116751,"uniform",0.0423190859077444,"Expt 4"
"211 near","other",0.129441624365482,"uniform",0.0812017864393017,"Expt 4"
"22 near","other",0.152284263959391,"uniform",0.0423190859077444,"Expt 4"
"3 near","other",0,"uniform",0,"Expt 4"
"31 near","other",0.139593908629442,"uniform",0.0423190859077444,"Expt 4"
"4 near","other",0,"uniform",0,"Expt 4"
"1 far","new",0.598984771573604,"H-CRP",0.210025615610372,"Expt 4"
"11 far","new",0.385786802030457,"H-CRP",0.28454720068565,"Expt 4"
"111 far","new",0.484771573604061,"H-CRP",0.350604861419442,"Expt 4"
"1111 far","new",0.454314720812183,"H-CRP",0.380101436059044,"Expt 4"
"2 far","new",0.439086294416244,"H-CRP",0.0796399645480359,"Expt 4"
"21 far","new",0.289340101522843,"H-CRP",0.197042129904386,"Expt 4"
"211 far","new",0.375634517766497,"H-CRP",0.261142775216468,"Expt 4"
"22 far","new",0.238578680203046,"H-CRP",0.103794820119572,"Expt 4"
"3 far","new",0.302030456852792,"H-CRP",0.042785254521101,"Expt 4"
"31 far","new",0.218274111675127,"H-CRP",0.15038044163383,"Expt 4"
"4 far","new",0.269035532994924,"H-CRP",0.0299462172063842,"Expt 4"
"1 near","new",0.385786802030457,"H-CRP",0.0771563532162629,"Expt 4"
"11 near","new",0.241116751269036,"H-CRP",0.1242675150861,"Expt 4"
"111 near","new",0.312182741116751,"H-CRP",0.175474575098189,"Expt 4"
"1111 near","new",0.307106598984772,"H-CRP",0.207677360184946,"Expt 4"
"2 near","new",0.203045685279188,"H-CRP",0.0264909544412868,"Expt 4"
"21 near","new",0.137055837563452,"H-CRP",0.0881997377659368,"Expt 4"
"211 near","new",0.223350253807107,"H-CRP",0.131255567526279,"Expt 4"
"22 near","new",0.139593908629442,"H-CRP",0.0396822256151267,"Expt 4"
"3 near","new",0.149746192893401,"H-CRP",0.0138613971914666,"Expt 4"
"31 near","new",0.149746192893401,"H-CRP",0.0703395249133975,"Expt 4"
"4 near","new",0.16243654822335,"H-CRP",0.0096146761705425,"Expt 4"
"1 far","nearest",0.401015228426396,"H-CRP",0.789974384389628,"Expt 4"
"11 far","nearest",0.436548223350254,"H-CRP",0.5916720381873,"Expt 4"
"111 far","nearest",0.378172588832487,"H-CRP",0.457833150798683,"Expt 4"
"1111 far","nearest",0.421319796954315,"H-CRP",0.380863127974006,"Expt 4"
"2 far","nearest",0.560913705583756,"H-CRP",0.920360035451964,"Expt 4"
"21 far","nearest",0.525380710659898,"H-CRP",0.56609714145384,"Expt 4"
"211 far","nearest",0.421319796954315,"H-CRP",0.453950839905563,"Expt 4"
"22 far","nearest",0.5,"H-CRP",0.741152380593156,"Expt 4"
"3 far","nearest",0.697969543147208,"H-CRP",0.957214745478899,"Expt 4"
"31 far","nearest",0.558375634517767,"H-CRP",0.522002762081015,"Expt 4"
"4 far","nearest",0.730964467005076,"H-CRP",0.970053782793616,"Expt 4"
"1 near","nearest",0.614213197969543,"H-CRP",0.922843646783737,"Expt 4"
"11 near","nearest",0.649746192893401,"H-CRP",0.821674924116746,"Expt 4"
"111 near","nearest",0.619289340101523,"H-CRP",0.728650375494624,"Expt 4"
"1111 near","nearest",0.616751269035533,"H-CRP",0.661720006878506,"Expt 4"
"2 near","nearest",0.796954314720812,"H-CRP",0.973509045558713,"Expt 4"
"21 near","nearest",0.781725888324873,"H-CRP",0.805776975927777,"Expt 4"
"211 near","nearest",0.647208121827411,"H-CRP",0.725544800747284,"Expt 4"
"22 near","nearest",0.708121827411167,"H-CRP",0.901038899422844,"Expt 4"
"3 near","nearest",0.850253807106599,"H-CRP",0.986138602808533,"Expt 4"
"31 near","nearest",0.710659898477157,"H-CRP",0.776419737434965,"Expt 4"
"4 near","nearest",0.83756345177665,"H-CRP",0.990385323829457,"Expt 4"
"1 far","other",0,"H-CRP",0,"Expt 4"
"11 far","other",0.177664974619289,"H-CRP",0.12378076112705,"Expt 4"
"111 far","other",0.137055837563452,"H-CRP",0.191561987781876,"Expt 4"
"1111 far","other",0.124365482233503,"H-CRP",0.23903543596695,"Expt 4"
"2 far","other",0,"H-CRP",0,"Expt 4"
"21 far","other",0.185279187817259,"H-CRP",0.236860728641774,"Expt 4"
"211 far","other",0.203045685279188,"H-CRP",0.284906384877969,"Expt 4"
"22 far","other",0.261421319796954,"H-CRP",0.155052799287271,"Expt 4"
"3 far","other",0,"H-CRP",0,"Expt 4"
"31 far","other",0.223350253807107,"H-CRP",0.327616796285155,"Expt 4"
"4 far","other",0,"H-CRP",0,"Expt 4"
"1 near","other",0,"H-CRP",0,"Expt 4"
"11 near","other",0.109137055837563,"H-CRP",0.0540575607971543,"Expt 4"
"111 near","other",0.0685279187817259,"H-CRP",0.0958750494071873,"Expt 4"
"1111 near","other",0.0761421319796954,"H-CRP",0.130602632936547,"Expt 4"
"2 near","other",0,"H-CRP",0,"Expt 4"
"21 near","other",0.0812182741116751,"H-CRP",0.106023286306286,"Expt 4"
"211 near","other",0.129441624365482,"H-CRP",0.143199631726438,"Expt 4"
"22 near","other",0.152284263959391,"H-CRP",0.0592788749620292,"Expt 4"
"3 near","other",0,"H-CRP",0,"Expt 4"
"31 near","other",0.139593908629442,"H-CRP",0.153240737651638,"Expt 4"
"4 near","other",0,"H-CRP",0,"Expt 4"
"1 far","new",0.598984771573604,"H-TTR",0.191622961114576,"Expt 4"
"11 far","new",0.385786802030457,"H-TTR",0.297260214729651,"Expt 4"
"111 far","new",0.484771573604061,"H-TTR",0.373455375081317,"Expt 4"
"1111 far","new",0.454314720812183,"H-TTR",0.428269207304328,"Expt 4"
"2 far","new",0.439086294416244,"H-TTR",0.0724439743374567,"Expt 4"
"21 far","new",0.289340101522843,"H-TTR",0.205124813338982,"Expt 4"
"211 far","new",0.375634517766497,"H-TTR",0.274019198885614,"Expt 4"
"22 far","new",0.238578680203046,"H-TTR",0.109141167930885,"Expt 4"
"3 far","new",0.302030456852792,"H-TTR",0.0452012235298163,"Expt 4"
"31 far","new",0.218274111675127,"H-TTR",0.160790225536561,"Expt 4"
"4 far","new",0.269035532994924,"H-TTR",0.0328136105662006,"Expt 4"
"1 near","new",0.385786802030457,"H-TTR",0.0542990594183149,"Expt 4"
"11 near","new",0.241116751269036,"H-TTR",0.111173985602381,"Expt 4"
"111 near","new",0.312182741116751,"H-TTR",0.169382830883139,"Expt 4"
"1111 near","new",0.307106598984772,"H-TTR",0.222849245606839,"Expt 4"
"2 near","new",0.203045685279188,"H-TTR",0.0185664102604386,"Expt 4"
"21 near","new",0.137055837563452,"H-TTR",0.0879885121550454,"Expt 4"
"211 near","new",0.223350253807107,"H-TTR",0.135437324606097,"Expt 4"
"22 near","new",0.139593908629442,"H-TTR",0.0349598268018341,"Expt 4"
"3 near","new",0.149746192893401,"H-TTR",0.0113368291396947,"Expt 4"
"31 near","new",0.149746192893401,"H-TTR",0.0767934675169081,"Expt 4"
"4 near","new",0.16243654822335,"H-TTR",0.00815069132449766,"Expt 4"
"1 far","nearest",0.401015228426396,"H-TTR",0.808377038885424,"Expt 4"
"11 far","nearest",0.436548223350254,"H-TTR",0.53502145943017,"Expt 4"
"111 far","nearest",0.378172588832487,"H-TTR",0.385101609535761,"Expt 4"
"1111 far","nearest",0.421319796954315,"H-TTR",0.294639940016025,"Expt 4"
"2 far","nearest",0.560913705583756,"H-TTR",0.927556025662543,"Expt 4"
"21 far","nearest",0.525380710659898,"H-TTR",0.425525581536218,"Expt 4"
"211 far","nearest",0.421319796954315,"H-TTR",0.327060582779729,"Expt 4"
"22 far","nearest",0.5,"H-TTR",0.678243359021593,"Expt 4"
"3 far","nearest",0.697969543147208,"H-TTR",0.954798776470184,"Expt 4"
"31 far","nearest",0.558375634517767,"H-TTR",0.349621706151332,"Expt 4"
"4 far","nearest",0.730964467005076,"H-TTR",0.967186389433799,"Expt 4"
"1 near","nearest",0.614213197969543,"H-TTR",0.945700940581685,"Expt 4"
"11 near","nearest",0.649746192893401,"H-TTR",0.826100113593271,"Expt 4"
"111 near","nearest",0.619289340101523,"H-TTR",0.721109302390841,"Expt 4"
"1111 near","nearest",0.616751269035533,"H-TTR",0.632966940962148,"Expt 4"
"2 near","nearest",0.796954314720812,"H-TTR",0.981433589739561,"Expt 4"
"21 near","nearest",0.781725888324873,"H-TTR",0.753578572338634,"Expt 4"
"211 near","nearest",0.647208121827411,"H-TTR",0.667391501540936,"Expt 4"
"22 near","nearest",0.708121827411167,"H-TTR",0.896935714962586,"Expt 4"
"3 near","nearest",0.850253807106599,"H-TTR",0.988663170860305,"Expt 4"
"31 near","nearest",0.710659898477157,"H-TTR",0.689379101150565,"Expt 4"
"4 near","nearest",0.83756345177665,"H-TTR",0.991849308675502,"Expt 4"
"1 far","other",0,"H-TTR",0,"Expt 4"
"11 far","other",0.177664974619289,"H-TTR",0.167718325840179,"Expt 4"
"111 far","other",0.137055837563452,"H-TTR",0.241443015382922,"Expt 4"
"1111 far","other",0.124365482233503,"H-TTR",0.277090852679647,"Expt 4"
"2 far","other",0,"H-TTR",0,"Expt 4"
"21 far","other",0.185279187817259,"H-TTR",0.3693496051248,"Expt 4"
"211 far","other",0.203045685279188,"H-TTR",0.398920218334657,"Expt 4"
"22 far","other",0.261421319796954,"H-TTR",0.212615473047521,"Expt 4"
"3 far","other",0,"H-TTR",0,"Expt 4"
"31 far","other",0.223350253807107,"H-TTR",0.489588068312108,"Expt 4"
"4 far","other",0,"H-TTR",0,"Expt 4"
"1 near","other",0,"H-TTR",0,"Expt 4"
"11 near","other",0.109137055837563,"H-TTR",0.0627259008043486,"Expt 4"
"111 near","other",0.0685279187817259,"H-TTR",0.10950786672602,"Expt 4"
"1111 near","other",0.0761421319796954,"H-TTR",0.144183813431013,"Expt 4"
"2 near","other",0,"H-TTR",0,"Expt 4"
"21 near","other",0.0812182741116751,"H-TTR",0.158432915506321,"Expt 4"
"211 near","other",0.129441624365482,"H-TTR",0.197171173852967,"Expt 4"
"22 near","other",0.152284263959391,"H-TTR",0.0681044582355798,"Expt 4"
"3 near","other",0,"H-TTR",0,"Expt 4"
"31 near","other",0.139593908629442,"H-TTR",0.233827431332527,"Expt 4"
"4 near","other",0,"H-TTR",0,"Expt 4"
"1 far","new",0.598984771573604,"HG-CRP",0.236659363905921,"Expt 4"
"11 far","new",0.385786802030457,"HG-CRP",0.329490457087952,"Expt 4"
"111 far","new",0.484771573604061,"HG-CRP",0.4272144239523,"Expt 4"
"1111 far","new",0.454314720812183,"HG-CRP",0.461850592416775,"Expt 4"
"2 far","new",0.439086294416244,"HG-CRP",0.0754089644464982,"Expt 4"
"21 far","new",0.289340101522843,"HG-CRP",0.215067580349847,"Expt 4"
"211 far","new",0.375634517766497,"HG-CRP",0.273162544206468,"Expt 4"
"22 far","new",0.238578680203046,"HG-CRP",0.112129866967454,"Expt 4"
"3 far","new",0.302030456852792,"HG-CRP",0.0448499248931837,"Expt 4"
"31 far","new",0.218274111675127,"HG-CRP",0.154224460568423,"Expt 4"
"4 far","new",0.269035532994924,"HG-CRP",0.0262595678598372,"Expt 4"
"1 near","new",0.385786802030457,"HG-CRP",0.0850421640257663,"Expt 4"
"11 near","new",0.241116751269036,"HG-CRP",0.144630152537392,"Expt 4"
"111 near","new",0.312182741116751,"HG-CRP",0.222238154691,"Expt 4"
"1111 near","new",0.307106598984772,"HG-CRP",0.263902273193459,"Expt 4"
"2 near","new",0.203045685279188,"HG-CRP",0.023867663701885,"Expt 4"
"21 near","new",0.137055837563452,"HG-CRP",0.0950054340157291,"Expt 4"
"211 near","new",0.223350253807107,"HG-CRP",0.135703423595404,"Expt 4"
"22 near","new",0.139593908629442,"HG-CRP",0.0416452238839657,"Expt 4"
"3 near","new",0.149746192893401,"HG-CRP",0.0138818381002063,"Expt 4"
"31 near","new",0.149746192893401,"HG-CRP",0.0708822100369291,"Expt 4"
"4 near","new",0.16243654822335,"HG-CRP",0.00802001522124419,"Expt 4"
"1 far","nearest",0.401015228426396,"HG-CRP",0.76334063609408,"Expt 4"
"11 far","nearest",0.436548223350254,"HG-CRP",0.547254112229686,"Expt 4"
"111 far","nearest",0.378172588832487,"HG-CRP",0.394901856778228,"Expt 4"
"1111 far","nearest",0.421319796954315,"HG-CRP",0.321153678719022,"Expt 4"
"2 far","nearest",0.560913705583756,"HG-CRP",0.924591035553502,"Expt 4"
"21 far","nearest",0.525380710659898,"HG-CRP",0.541080484632888,"Expt 4"
"211 far","nearest",0.421319796954315,"HG-CRP",0.433697551739537,"Expt 4"
"22 far","nearest",0.5,"HG-CRP",0.72465871151921,"Expt 4"
"3 far","nearest",0.697969543147208,"HG-CRP",0.955150075106816,"Expt 4"
"31 far","nearest",0.558375634517767,"HG-CRP",0.503421996312456,"Expt 4"
"4 far","nearest",0.730964467005076,"HG-CRP",0.973740432140163,"Expt 4"
"1 near","nearest",0.614213197969543,"HG-CRP",0.914957835974234,"Expt 4"
"11 near","nearest",0.649746192893401,"HG-CRP",0.801266757806529,"Expt 4"
"111 near","nearest",0.619289340101523,"HG-CRP",0.685226230162183,"Expt 4"
"1111 near","nearest",0.616751269035533,"HG-CRP",0.612105970466304,"Expt 4"
"2 near","nearest",0.796954314720812,"HG-CRP",0.976132336298115,"Expt 4"
"21 near","nearest",0.781725888324873,"HG-CRP",0.79727373291308,"Expt 4"
"211 near","nearest",0.647208121827411,"HG-CRP",0.718668673105789,"Expt 4"
"22 near","nearest",0.708121827411167,"HG-CRP",0.897737775729188,"Expt 4"
"3 near","nearest",0.850253807106599,"HG-CRP",0.986118161899794,"Expt 4"
"31 near","nearest",0.710659898477157,"HG-CRP",0.771770663179053,"Expt 4"
"4 near","nearest",0.83756345177665,"HG-CRP",0.991979984778756,"Expt 4"
"1 far","other",0,"HG-CRP",0,"Expt 4"
"11 far","other",0.177664974619289,"HG-CRP",0.123255430682362,"Expt 4"
"111 far","other",0.137055837563452,"HG-CRP",0.177883719269472,"Expt 4"
"1111 far","other",0.124365482233503,"HG-CRP",0.216995728864204,"Expt 4"
"2 far","other",0,"HG-CRP",0,"Expt 4"
"21 far","other",0.185279187817259,"HG-CRP",0.243851935017265,"Expt 4"
"211 far","other",0.203045685279188,"HG-CRP",0.293139904053995,"Expt 4"
"22 far","other",0.261421319796954,"HG-CRP",0.163211421513336,"Expt 4"
"3 far","other",0,"HG-CRP",0,"Expt 4"
"31 far","other",0.223350253807107,"HG-CRP",0.342353543119121,"Expt 4"
"4 far","other",0,"HG-CRP",0,"Expt 4"
"1 near","other",0,"HG-CRP",0,"Expt 4"
"11 near","other",0.109137055837563,"HG-CRP",0.0541030896560789,"Expt 4"
"111 near","other",0.0685279187817259,"HG-CRP",0.0925356151468174,"Expt 4"
"1111 near","other",0.0761421319796954,"HG-CRP",0.123991756340237,"Expt 4"
"2 near","other",0,"HG-CRP",0,"Expt 4"
"21 near","other",0.0812182741116751,"HG-CRP",0.107720833071191,"Expt 4"
"211 near","other",0.129441624365482,"HG-CRP",0.145627903298806,"Expt 4"
"22 near","other",0.152284263959391,"HG-CRP",0.0606170003868459,"Expt 4"
"3 near","other",0,"HG-CRP",0,"Expt 4"
"31 near","other",0.139593908629442,"HG-CRP",0.157347126784018,"Expt 4"
"4 near","other",0,"HG-CRP",0,"Expt 4"
